1,1
2,2
3,3
4,4
5,5
6,5
7,6
8,6
9,7
10,7
11,8
12,7
13,8
14,8
15,8
16,8
17,9
18,8
19,9
20,9
21,9
22,10
23,11
24,9
25,10
26,10
27,10
28,10
29,11
30,10
31,11
32,10
33,11
34,11
35,11
36,10
37,11
38,11
39,11
40,11
41,12
42,11
43,12
44,12
45,11
46,12
47,13
48,11
49,12
50,12
51,12
52,12
53,13
54,11
55,12
56,12
57,12
58,13
59,14
60,12
61,13
62,13
63,12
64,12
65,13
66,13
67,14
68,13
69,14
70,13
71,14
72,12
73,13
74,13
75,13
76,13
77,14
78,13
79,14
80,13
81,13
82,14
83,15
84,13
85,14
86,14
87,14
88,14
89,15
90,13
91,14
92,14
93,14
94,15
95,14
96,13
97,14
98,14
99,14
100,14
101,15
102,14
103,15
104,14
105,14
106,15
107,16
108,13
109,14
110,14
111,14
112,14
113,15
114,14
115,15
116,15
117,14
118,15
119,15
120,14
121,15
122,15
123,15
124,15
125,15
126,14
127,15
128,14
129,15
130,15
131,16
132,15
133,15
134,16
135,14
136,15
137,16
138,15
139,16
140,15
141,16
142,16
143,16
144,14
145,15
146,15
147,15
148,15
149,16
150,15
151,16
152,15
153,15
154,16
155,16
156,15
157,16
158,16
159,16
160,15
161,16
162,14
163,15
164,16
165,15
166,16
167,17
168,15
169,16
170,16
171,15
172,16
173,17
174,16
175,16
176,16
177,17
178,17
179,18
180,15
181,16
182,16
183,16
184,16
185,16
186,16
187,17
188,17
189,15
190,16
191,17
192,15
193,16
194,16
195,16
196,16
197,17
198,16
199,17
200,16
201,17
202,17
203,17
204,16
205,17
206,17
207,17
208,16
209,17
210,16
211,17
212,17
213,17
214,18
215,17
216,15
217,16
218,16
219,16
220,16
221,17
222,16
223,17
224,16
225,16
226,17
227,18
228,16
229,17
230,17
231,17
232,17
233,18
234,16
235,17
236,17
237,17
238,17
239,18
240,16
241,17
242,17
243,16
244,17
245,17
246,17
247,17
248,17
249,18
250,17
251,18
252,16
253,17
254,17
255,17
256,16
257,17
258,17
259,17
260,17
261,17
262,18
263,19
264,17
265,18
266,17
267,18
268,18
269,19
270,16
271,17
272,17
273,17
274,18
275,17
276,17
277,18
278,18
279,17
280,17
281,18
282,18
283,19
284,18
285,17
286,18
287,18
288,16
289,17
290,17
291,17
292,17
293,18
294,17
295,18
296,17
297,17
298,18
299,19
300,17
301,18
302,18
303,18
304,17
305,18
306,17
307,18
308,18
309,18
310,18
311,19
312,17
313,18
314,18
315,17
316,18
317,19
318,18
319,19
320,17
321,18
322,18
323,18
324,16
325,17
326,17
327,17
328,18
329,19
330,17
331,18
332,18
333,17
334,18
335,19
336,17
337,18
338,18
339,18
340,18
341,19
342,17
343,18
344,18
345,18
346,19
347,20
348,18
349,19
350,18
351,17
352,18
353,19
354,18
355,19
356,19
357,18
358,19
359,20
360,17
361,18
362,18
363,18
364,18
365,18
366,18
367,19
368,18
369,18
370,18
371,19
372,18
373,19
374,19
375,18
376,19
377,19
378,17
379,18
380,18
381,18
382,19
383,20
384,17
385,18
386,18
387,18
388,18
389,19
390,18
391,19
392,18
393,19
394,19
395,19
396,18
397,19
398,19
399,18
400,18
401,19
402,19
403,19
404,19
405,17
406,18
407,19
408,18
409,19
410,19
411,19
412,19
413,20
414,18
415,19
416,18
417,19
418,19
419,20
420,18
421,19
422,19
423,19
424,19
425,19
426,19
427,19
428,20
429,19
430,19
431,20
432,17
433,18
434,18
435,18
436,18
437,19
438,18
439,19
440,18
441,18
442,19
443,20
444,18
445,19
446,19
447,19
448,18
449,19
450,18
451,19
452,19
453,19
454,20
455,19
456,18
457,19
458,19
459,18
460,19
461,20
462,19
463,20
464,19
465,19
466,20
467,21
468,18
469,19
470,19
471,19
472,19
473,20
474,19
475,19
476,19
477,19
478,20
479,21
480,18
481,19
482,19
483,19
484,19
485,19
486,17
487,18
488,19
489,18
490,19
491,20
492,19
493,20
494,19
495,18
496,19
497,20
498,19
499,20
500,19
501,20
502,20
503,21
504,18
505,19
506,19
507,19
508,19
509,20
510,19
511,19
512,18
513,18
514,19
515,20
516,19
517,20
518,19
519,20
520,19
521,20
522,19
523,20
524,20
525,19
526,20
527,20
528,19
529,20
530,20
531,20
532,19
533,20
534,20
535,21
536,20
537,21
538,21
539,20
540,18
541,19
542,19
543,19
544,19
545,19
546,19
547,20
548,20
549,19
550,19
551,20
552,19
553,20
554,20
555,19
556,20
557,21
558,19
559,20
560,19
561,20
562,20
563,21
564,20
565,20
566,21
567,18
568,19
569,20
570,19
571,20
572,20
573,20
574,20
575,20
576,18
577,19
578,19
579,19
580,19
581,20
582,19
583,20
584,19
585,19
586,20
587,21
588,19
589,20
590,20
591,20
592,19
593,20
594,19
595,20
596,20
597,20
598,20
599,21
600,19
601,20
602,20
603,20
604,20
605,20
606,20
607,21
608,19
609,20
610,20
611,21
612,19
613,20
614,20
615,20
616,20
617,21
618,20
619,21
620,20
621,20
622,21
623,21
624,19
625,20
626,20
627,20
628,20
629,20
630,19
631,20
632,20
633,20
634,21
635,20
636,20
637,20
638,21
639,20
640,19
641,20
642,20
643,21
644,20
645,20
646,20
647,21
648,18
649,19
650,19
651,19
652,19
653,20
654,19
655,20
656,20
657,19
658,20
659,21
660,19
661,20
662,20
663,20
664,20
665,20
666,19
667,20
668,20
669,20
670,21
671,21
672,19
673,20
674,20
675,19
676,20
677,21
678,20
679,20
680,20
681,21
682,21
683,22
684,19
685,20
686,20
687,20
688,20
689,21
690,20
691,21
692,21
693,20
694,21
695,21
696,20
697,21
698,21
699,21
700,20
701,21
702,19
703,20
704,20
705,20
706,21
707,21
708,20
709,21
710,21
711,20
712,21
713,22
714,20
715,20
716,21
717,21
718,22
719,23
720,19
721,20
722,20
723,20
724,20
725,20
726,20
727,21
728,20
729,19
730,20
731,21
732,20
733,21
734,21
735,20
736,20
737,21
738,20
739,21
740,20
741,20
742,21
743,22
744,20
745,21
746,21
747,21
748,21
749,22
750,20
751,21
752,21
753,21
754,21
755,21
756,19
757,20
758,20
759,20
760,20
761,21
762,20
763,20
764,21
765,20
766,21
767,22
768,19
769,20
770,20
771,20
772,20
773,21
774,20
775,21
776,20
777,20
778,21
779,21
780,20
781,21
782,21
783,20
784,20
785,21
786,21
787,22
788,21
789,22
790,21
791,21
792,20
793,21
794,21
795,21
796,21
797,22
798,20
799,21
800,20
801,21
802,21
803,21
804,21
805,21
806,21
807,22
808,21
809,22
810,19
811,20
812,20
813,20
814,21
815,20
816,20
817,21
818,21
819,20
820,21
821,22
822,21
823,22
824,21
825,20
826,21
827,22
828,20
829,21
830,21
831,21
832,20
833,21
834,21
835,22
836,21
837,20
838,21
839,22
840,20
841,21
842,21
843,21
844,21
845,21
846,21
847,21
848,21
849,22
850,21
851,22
852,21
853,22
854,21
855,20
856,21
857,22
858,21
859,22
860,21
861,21
862,22
863,23
864,19
865,20
866,20
867,20
868,20
869,21
870,20
871,21
872,20
873,20
874,21
875,21
876,20
877,21
878,21
879,21
880,20
881,21
882,20
883,21
884,21
885,21
886,22
887,23
888,20
889,21
890,21
891,20
892,21
893,22
894,21
895,22
896,20
897,21
898,21
899,22
900,20
901,21
902,21
903,21
904,21
905,21
906,21
907,22
908,22
909,21
910,21
911,22
912,20
913,21
914,21
915,21
916,21
917,22
918,20
919,21
920,21
921,21
922,22
923,22
924,21
925,21
926,22
927,21
928,21
929,22
930,21
931,21
932,22
933,22
934,23
935,21
936,20
937,21
938,21
939,21
940,21
941,22
942,21
943,22
944,21
945,20
946,21
947,22
948,21
949,21
950,21
951,22
952,21
953,22
954,21
955,22
956,22
957,22
958,23
959,22
960,20
961,21
962,21
963,21
964,21
965,21
966,21
967,22
968,21
969,21
970,21
971,22
972,19
973,20
974,20
975,20
976,21
977,22
978,20
979,21
980,21
981,20
982,21
983,22
984,21
985,22
986,22
987,22
988,21
989,22
990,20
991,21
992,21
993,21
994,22
995,22
996,21
997,22
998,22
999,20
1000,21
1001,22
1002,21
1003,22
1004,22
1005,22
1006,23
1007,22
1008,20
1009,21
1010,21
1011,21
1012,21
1013,22
1014,21
1015,21
1016,21
1017,21
1018,22
1019,23
1020,21
1021,22
1022,21
1023,22
1024,20
1025,21
1026,20
1027,21
1028,21
1029,21
1030,22
1031,23
1032,21
1033,22
1034,22
1035,21
1036,21
1037,22
1038,22
1039,23
1040,21
1041,22
1042,22
1043,22
1044,21
1045,21
1046,22
1047,22
1048,22
1049,23
1050,21
1051,22
1052,22
1053,20
1054,21
1055,22
1056,21
1057,22
1058,22
1059,22
1060,22
1061,23
1062,21
1063,22
1064,21
1065,22
1066,22
1067,22
1068,22
1069,23
1070,23
1071,21
1072,22
1073,22
1074,22
1075,22
1076,23
1077,23
1078,22
1079,23
1080,20
1081,21
1082,21
1083,21
1084,21
1085,21
1086,21
1087,22
1088,21
1089,21
1090,21
1091,22
1092,21
1093,22
1094,22
1095,21
1096,22
1097,23
1098,21
1099,22
1100,21
1101,22
1102,22
1103,23
1104,21
1105,22
1106,22
1107,21
1108,22
1109,23
1110,21
1111,22
1112,22
1113,22
1114,23
1115,22
1116,21
1117,22
1118,22
1119,22
1120,21
1121,22
1122,22
1123,23
1124,22
1125,21
1126,22
1127,22
1128,22
1129,23
1130,22
1131,22
1132,23
1133,23
1134,20
1135,21
1136,21
1137,21
1138,22
1139,23
1140,21
1141,21
1142,22
1143,21
1144,22
1145,22
1146,22
1147,22
1148,22
1149,23
1150,22
1151,23
1152,20
1153,21
1154,21
1155,21
1156,21
1157,22
1158,21
1159,22
1160,21
1161,21
1162,22
1163,23
1164,21
1165,22
1166,22
1167,22
1168,21
1169,22
1170,21
1171,22
1172,22
1173,22
1174,23
1175,22
1176,21
1177,22
1178,22
1179,22
1180,22
1181,23
1182,22
1183,22
1184,21
1185,22
1186,22
1187,23
1188,21
1189,22
1190,22
1191,22
1192,22
1193,23
1194,22
1195,23
1196,22
1197,21
1198,22
1199,22
1200,21
1201,22
1202,22
1203,22
1204,22
1205,22
1206,22
1207,23
1208,22
1209,22
1210,22
1211,23
1212,22
1213,23
1214,23
1215,20
1216,21
1217,22
1218,21
1219,22
1220,22
1221,22
1222,23
1223,24
1224,21
1225,22
1226,22
1227,22
1228,22
1229,23
1230,22
1231,23
1232,22
1233,22
1234,23
1235,22
1236,22
1237,23
1238,23
1239,23
1240,22
1241,22
1242,21
1243,22
1244,23
1245,22
1246,23
1247,23
1248,21
1249,22
1250,22
1251,22
1252,22
1253,23
1254,22
1255,23
1256,22
1257,23
1258,22
1259,23
1260,21
1261,22
1262,22
1263,22
1264,22
1265,22
1266,22
1267,22
1268,23
1269,22
1270,22
1271,23
1272,22
1273,23
1274,22
1275,22
1276,23
1277,24
1278,22
1279,23
1280,21
1281,22
1282,22
1283,23
1284,22
1285,22
1286,23
1287,22
1288,22
1289,23
1290,22
1291,23
1292,22
1293,23
1294,23
1295,22
1296,20
1297,21
1298,21
1299,21
1300,21
1301,22
1302,21
1303,22
1304,21
1305,21
1306,22
1307,23
1308,21
1309,22
1310,22
1311,22
1312,22
1313,23
1314,21
1315,22
1316,22
1317,22
1318,23
1319,24
1320,21
1321,22
1322,22
1323,21
1324,22
1325,23
1326,22
1327,23
1328,22
1329,23
1330,22
1331,23
1332,21
1333,22
1334,22
1335,22
1336,22
1337,23
1338,22
1339,23
1340,23
1341,22
1342,23
1343,23
1344,21
1345,22
1346,22
1347,22
1348,22
1349,23
1350,21
1351,22
1352,22
1353,22
1354,23
1355,22
1356,22
1357,23
1358,22
1359,22
1360,22
1361,23
1362,23
1363,24
1364,23
1365,22
1366,23
1367,24
1368,21
1369,22
1370,22
1371,22
1372,22
1373,23
1374,22
1375,22
1376,22
1377,21
1378,22
1379,23
1380,22
1381,23
1382,23
1383,23
1384,23
1385,23
1386,22
1387,22
1388,23
1389,23
1390,23
1391,24
1392,22
1393,23
1394,23
1395,22
1396,23
1397,23
1398,23
1399,24
1400,22
1401,23
1402,23
1403,24
1404,21
1405,22
1406,22
1407,22
1408,22
1409,23
1410,22
1411,23
1412,23
1413,22
1414,23
1415,24
1416,22
1417,22
1418,23
1419,23
1420,23
1421,23
1422,22
1423,23
1424,23
1425,22
1426,23
1427,24
1428,22
1429,23
1430,22
1431,22
1432,23
1433,24
1434,23
1435,23
1436,24
1437,24
1438,25
1439,26
1440,21
1441,22
1442,22
1443,22
1444,22
1445,22
1446,22
1447,23
1448,22
1449,22
1450,22
1451,23
1452,22
1453,23
1454,23
1455,22
1456,22
1457,23
1458,20
1459,21
1460,22
1461,21
1462,22
1463,23
1464,22
1465,23
1466,23
1467,21
1468,22
1469,23
1470,22
1471,23
1472,22
1473,23
1474,23
1475,23
1476,22
1477,23
1478,23
1479,23
1480,22
1481,23
1482,22
1483,23
1484,23
1485,21
1486,22
1487,23
1488,22
1489,23
1490,23
1491,23
1492,23
1493,24
1494,22
1495,23
1496,23
1497,23
1498,24
1499,25
1500,22
1501,23
1502,23
1503,23
1504,23
1505,23
1506,23
1507,24
1508,23
1509,24
1510,23
1511,24
1512,21
1513,22
1514,22
1515,22
1516,22
1517,23
1518,22
1519,22
1520,22
1521,22
1522,23
1523,24
1524,22
1525,23
1526,22
1527,23
1528,23
1529,24
1530,22
1531,23
1532,23
1533,22
1534,23
1535,23
1536,21
1537,22
1538,22
1539,21
1540,22
1541,23
1542,22
1543,23
1544,22
1545,23
1546,23
1547,23
1548,22
1549,23
1550,23
1551,23
1552,22
1553,23
1554,22
1555,23
1556,23
1557,23
1558,23
1559,24
1560,22
1561,23
1562,23
1563,23
1564,23
1565,23
1566,22
1567,23
1568,22
1569,23
1570,23
1571,24
1572,23
1573,23
1574,24
1575,22
1576,23
1577,24
1578,23
1579,24
1580,23
1581,23
1582,23
1583,24
1584,22
1585,23
1586,23
1587,23
1588,23
1589,24
1590,23
1591,23
1592,23
1593,23
1594,24
1595,23
1596,22
1597,23
1598,23
1599,23
1600,22
1601,23
1602,23
1603,23
1604,23
1605,23
1606,23
1607,24
1608,23
1609,24
1610,23
1611,24
1612,23
1613,24
1614,24
1615,23
1616,23
1617,23
1618,24
1619,25
1620,21
1621,22
1622,22
1623,22
1624,22
1625,22
1626,22
1627,23
1628,23
1629,22
1630,22
1631,23
1632,22
1633,23
1634,23
1635,22
1636,23
1637,24
1638,22
1639,23
1640,23
1641,23
1642,24
1643,24
1644,23
1645,23
1646,24
1647,22
1648,23
1649,23
1650,22
1651,23
1652,23
1653,23
1654,24
1655,23
1656,22
1657,23
1658,23
1659,23
1660,23
1661,24
1662,23
1663,24
1664,22
1665,22
1666,23
1667,24
1668,23
1669,24
1670,23
1671,24
1672,23
1673,24
1674,22
1675,23
1676,23
1677,23
1678,24
1679,24
1680,22
1681,23
1682,23
1683,23
1684,23
1685,23
1686,23
1687,23
1688,23
1689,24
1690,23
1691,24
1692,23
1693,24
1694,23
1695,23
1696,23
1697,24
1698,24
1699,25
1700,23
1701,21
1702,22
1703,23
1704,22
1705,23
1706,24
1707,23
1708,23
1709,24
1710,22
1711,23
1712,23
1713,23
1714,24
1715,23
1716,23
1717,24
1718,24
1719,23
1720,23
1721,24
1722,23
1723,24
1724,24
1725,23
1726,24
1727,24
1728,21
1729,22
1730,22
1731,22
1732,22
1733,23
1734,22
1735,23
1736,22
1737,22
1738,23
1739,24
1740,22
1741,23
1742,23
1743,23
1744,22
1745,23
1746,22
1747,23
1748,23
1749,23
1750,23
1751,24
1752,22
1753,23
1754,23
1755,22
1756,23
1757,24
1758,23
1759,24
1760,22
1761,23
1762,23
1763,24
1764,22
1765,23
1766,23
1767,23
1768,23
1769,24
1770,23
1771,23
1772,24
1773,23
1774,24
1775,24
1776,22
1777,23
1778,23
1779,23
1780,23
1781,24
1782,22
1783,23
1784,23
1785,23
1786,24
1787,25
1788,23
1789,24
1790,24
1791,23
1792,22
1793,23
1794,23
1795,24
1796,23
1797,24
1798,24
1799,23
1800,22
1801,23
1802,23
1803,23
1804,23
1805,23
1806,23
1807,24
1808,23
1809,23
1810,23
1811,24
1812,23
1813,23
1814,24
1815,23
1816,24
1817,25
1818,23
1819,24
1820,23
1821,24
1822,24
1823,25
1824,22
1825,23
1826,23
1827,23
1828,23
1829,24
1830,23
1831,24
1832,23
1833,24
1834,24
1835,24
1836,22
1837,23
1838,23
1839,23
1840,23
1841,24
1842,23
1843,23
1844,24
1845,23
1846,24
1847,25
1848,23
1849,24
1850,23
1851,24
1852,24
1853,23
1854,23
1855,24
1856,23
1857,24
1858,24
1859,24
1860,23
1861,24
1862,23
1863,23
1864,24
1865,24
1866,24
1867,25
1868,25
1869,24
1870,23
1871,24
1872,22
1873,23
1874,23
1875,23
1876,23
1877,24
1878,23
1879,24
1880,23
1881,23
1882,24
1883,25
1884,23
1885,23
1886,24
1887,23
1888,23
1889,24
1890,22
1891,23
1892,23
1893,23
1894,24
1895,23
1896,23
1897,23
1898,23
1899,23
1900,23
1901,24
1902,24
1903,25
1904,23
1905,23
1906,24
1907,25
1908,23
1909,24
1910,24
1911,23
1912,24
1913,25
1914,24
1915,25
1916,25
1917,23
1918,24
1919,24
1920,22
1921,23
1922,23
1923,23
1924,23
1925,23
1926,23
1927,24
1928,23
1929,24
1930,23
1931,24
1932,23
1933,24
1934,24
1935,23
1936,23
1937,24
1938,23
1939,24
1940,23
1941,24
1942,24
1943,25
1944,21
1945,22
1946,22
1947,22
1948,22
1949,23
1950,22
1951,23
1952,23
1953,22
1954,23
1955,24
1956,22
1957,23
1958,23
1959,23
1960,23
1961,24
1962,22
1963,23
1964,23
1965,23
1966,24
1967,24
1968,23
1969,24
1970,24
1971,22
1972,23
1973,24
1974,23
1975,24
1976,23
1977,24
1978,24
1979,25
1980,22
1981,23
1982,23
1983,23
1984,23
1985,24
1986,23
1987,24
1988,24
1989,23
1990,24
1991,24
1992,23
1993,24
1994,24
1995,23
1996,24
1997,25
1998,22
1999,23
2000,23
2001,23
2002,24
2003,25
2004,23
2005,24
2006,24
2007,23
2008,24
2009,24
2010,24
2011,25
2012,25
2013,24
2014,24
2015,24
2016,22
2017,23
2018,23
2019,23
2020,23
2021,24
2022,23
2023,23
2024,23
2025,22
2026,23
2027,24
2028,23
2029,24
2030,23
2031,24
2032,23
2033,24
2034,23
2035,23
2036,24
2037,23
2038,24
2039,25
2040,23
2041,24
2042,24
2043,24
2044,23
2045,24
2046,24
2047,25
2048,22
2049,23
2050,23
2051,24
2052,22
2053,23
2054,23
2055,23
2056,23
2057,24
2058,23
2059,24
2060,24
2061,23
2062,24
2063,25
2064,23
2065,24
2066,24
2067,24
2068,24
2069,25
2070,23
2071,23
2072,23
2073,24
2074,24
2075,24
2076,24
2077,25
2078,25
2079,23
2080,23
2081,24
2082,24
2083,25
2084,24
2085,24
2086,24
2087,25
2088,23
2089,24
2090,23
2091,24
2092,24
2093,24
2094,24
2095,25
2096,24
2097,24
2098,25
2099,26
2100,23
2101,24
2102,24
2103,24
2104,24
2105,24
2106,22
2107,23
2108,23
2109,23
2110,24
2111,25
2112,23
2113,24
2114,24
2115,23
2116,24
2117,24
2118,24
2119,23
2120,24
2121,24
2122,25
2123,24
2124,23
2125,24
2126,24
2127,24
2128,23
2129,24
2130,24
2131,25
2132,24
2133,23
2134,24
2135,24
2136,24
2137,25
2138,25
2139,25
2140,25
2141,26
2142,23
2143,24
2144,24
2145,23
2146,24
2147,24
2148,24
2149,24
2150,24
2151,24
2152,25
2153,26
2154,25
2155,25
2156,24
2157,25
2158,24
2159,24
2160,22
2161,23
2162,23
2163,23
2164,23
2165,23
2166,23
2167,24
2168,23
2169,23
2170,23
2171,24
2172,23
2173,24
2174,24
2175,23
2176,23
2177,24
2178,23
2179,24
2180,23
2181,24
2182,24
2183,25
2184,23
2185,24
2186,24
2187,22
2188,23
2189,24
2190,23
2191,24
2192,24
2193,24
2194,25
2195,24
2196,23
2197,24
2198,24
2199,24
2200,23
2201,24
2202,24
2203,25
2204,24
2205,23
2206,24
2207,25
2208,23
2209,24
2210,24
2211,24
2212,24
2213,25
2214,23
2215,24
2216,24
2217,24
2218,25
2219,25
2220,23
2221,24
2222,24
2223,23
2224,24
2225,24
2226,24
2227,25
2228,25
2229,25
2230,24
2231,25
2232,23
2233,24
2234,24
2235,24
2236,24
2237,25
2238,24
2239,25
2240,23
2241,24
2242,24
2243,25
2244,24
2245,24
2246,25
2247,24
2248,24
2249,25
2250,23
2251,24
2252,24
2253,24
2254,24
2255,24
2256,24
2257,24
2258,25
2259,24
2260,24
2261,24
2262,24
2263,24
2264,25
2265,24
2266,25
2267,26
2268,22
2269,23
2270,23
2271,23
2272,23
2273,24
2274,23
2275,23
2276,24
2277,23
2278,24
2279,25
2280,23
2281,24
2282,23
2283,24
2284,24
2285,24
2286,23
2287,24
2288,24
2289,23
2290,24
2291,25
2292,24
2293,25
2294,24
2295,23
2296,24
2297,25
2298,24
2299,24
2300,24
2301,25
2302,25
2303,25
2304,22
2305,23
2306,23
2307,23
2308,23
2309,24
2310,23
2311,24
2312,23
2313,23
2314,24
2315,25
2316,23
2317,24
2318,24
2319,24
2320,23
2321,24
2322,23
2323,24
2324,24
2325,24
2326,25
2327,26
2328,23
2329,24
2330,24
2331,23
2332,24
2333,25
2334,24
2335,25
2336,23
2337,24
2338,24
2339,25
2340,23
2341,24
2342,24
2343,24
2344,24
2345,24
2346,24
2347,25
2348,25
2349,23
2350,24
2351,25
2352,23
2353,24
2354,24
2355,24
2356,24
2357,25
2358,24
2359,24
2360,24
2361,25
2362,25
2363,25
2364,24
2365,24
2366,24
2367,25
2368,23
2369,24
2370,24
2371,25
2372,24
2373,24
2374,25
2375,24
2376,23
2377,24
2378,24
2379,24
2380,24
2381,25
2382,24
2383,25
2384,24
2385,24
2386,25
2387,24
2388,24
2389,25
2390,25
2391,25
2392,24
2393,25
2394,23
2395,24
2396,24
2397,24
2398,24
2399,25
2400,23
2401,24
2402,24
2403,24
2404,24
2405,24
2406,24
2407,25
2408,24
2409,24
2410,24
2411,25
2412,24
2413,24
2414,25
2415,24
2416,24
2417,25
2418,24
2419,25
2420,24
2421,25
2422,25
2423,26
2424,24
2425,24
2426,25
2427,25
2428,25
2429,26
2430,22
2431,23
2432,23
2433,23
2434,24
2435,23
2436,23
2437,24
2438,24
2439,23
2440,24
2441,25
2442,24
2443,25
2444,25
2445,23
2446,24
2447,25
2448,23
2449,24
2450,24
2451,24
2452,24
2453,25
2454,24
2455,25
2456,24
2457,23
2458,24
2459,25
2460,24
2461,25
2462,25
2463,25
2464,24
2465,24
2466,24
2467,25
2468,25
2469,25
2470,24
2471,25
2472,24
2473,25
2474,25
2475,23
2476,24
2477,25
2478,24
2479,25
2480,24
2481,25
2482,24
2483,25
2484,23
2485,24
2486,24
2487,24
2488,25
2489,25
2490,24
2491,25
2492,25
2493,24
2494,25
2495,25
2496,23
2497,24
2498,24
2499,24
2500,24
2501,25
2502,24
2503,25
2504,24
2505,25
2506,25
2507,25
2508,24
2509,24
2510,25
2511,23
2512,24
2513,25
2514,24
2515,25
2516,24
2517,25
2518,25
2519,25
2520,23
2521,24
2522,24
2523,24
2524,24
2525,24
2526,24
2527,24
2528,24
2529,24
2530,24
2531,25
2532,24
2533,25
2534,24
2535,24
2536,25
2537,26
2538,24
2539,25
2540,24
2541,24
2542,25
2543,26
2544,24
2545,25
2546,25
2547,25
2548,24
2549,25
2550,24
2551,25
2552,25
2553,25
2554,26
2555,24
2556,24
2557,25
2558,25
2559,25
2560,23
2561,24
2562,24
2563,25
2564,24
2565,23
2566,24
2567,25
2568,24
2569,25
2570,24
2571,25
2572,25
2573,26
2574,24
2575,25
2576,24
2577,25
2578,25
2579,26
2580,24
2581,25
2582,25
2583,24
2584,24
2585,25
2586,25
2587,25
2588,25
2589,26
2590,24
2591,25
2592,22
2593,23
2594,23
2595,23
2596,23
2597,24
2598,23
2599,24
2600,23
2601,23
2602,24
2603,25
2604,23
2605,24
2606,24
2607,24
2608,23
2609,24
2610,23
2611,24
2612,24
2613,24
2614,25
2615,25
2616,23
2617,24
2618,24
2619,23
2620,24
2621,25
2622,24
2623,25
2624,24
2625,24
2626,25
2627,25
2628,23
2629,24
2630,24
2631,24
2632,24
2633,25
2634,24
2635,25
2636,25
2637,24
2638,25
2639,25
2640,23
2641,24
2642,24
2643,24
2644,24
2645,25
2646,23
2647,24
2648,24
2649,24
2650,25
2651,25
2652,24
2653,24
2654,25
2655,24
2656,24
2657,25
2658,25
2659,26
2660,24
2661,25
2662,25
2663,26
2664,23
2665,24
2666,24
2667,24
2668,24
2669,25
2670,24
2671,25
2672,24
2673,23
2674,24
2675,25
2676,24
2677,25
2678,25
2679,25
2680,25
2681,26
2682,24
2683,25
2684,25
2685,25
2686,25
2687,26
2688,23
2689,24
2690,24
2691,24
2692,24
2693,25
2694,24
2695,24
2696,24
2697,25
2698,25
2699,26
2700,23
2701,24
2702,24
2703,24
2704,24
2705,24
2706,24
2707,25
2708,25
2709,24
2710,24
2711,25
2712,24
2713,25
2714,25
2715,24
2716,24
2717,25
2718,24
2719,25
2720,24
2721,25
2722,25
2723,25
2724,25
2725,24
2726,25
2727,24
2728,25
2729,26
2730,24
2731,25
2732,25
2733,25
2734,26
2735,25
2736,23
2737,24
2738,24
2739,24
2740,24
2741,25
2742,24
2743,25
2744,24
2745,24
2746,25
2747,26
2748,24
2749,25
2750,24
2751,25
2752,24
2753,25
2754,23
2755,24
2756,24
2757,24
2758,25
2759,26
2760,24
2761,25
2762,25
2763,24
2764,25
2765,25
2766,25
2767,26
2768,25
2769,25
2770,25
2771,24
2772,24
2773,25
2774,24
2775,24
2776,25
2777,26
2778,25
2779,25
2780,25
2781,24
2782,25
2783,25
2784,24
2785,25
2786,25
2787,25
2788,25
2789,26
2790,24
2791,25
2792,25
2793,24
2794,25
2795,25
2796,25
2797,26
2798,26
2799,25
2800,24
2801,25
2802,25
2803,26
2804,25
2805,24
2806,25
2807,25
2808,23
2809,24
2810,24
2811,24
2812,24
2813,25
2814,24
2815,25
2816,24
2817,24
2818,25
2819,26
2820,24
2821,24
2822,25
2823,25
2824,25
2825,25
2826,24
2827,25
2828,25
2829,25
2830,26
2831,25
2832,24
2833,25
2834,24
2835,23
2836,24
2837,25
2838,24
2839,25
2840,24
2841,25
2842,24
2843,25
2844,24
2845,25
2846,25
2847,24
2848,25
2849,25
2850,24
2851,25
2852,25
2853,25
2854,26
2855,25
2856,24
2857,25
2858,25
2859,25
2860,24
2861,25
2862,24
2863,25
2864,25
2865,25
2866,26
2867,26
2868,25
2869,25
2870,25
2871,25
2872,26
2873,25
2874,26
2875,25
2876,26
2877,25
2878,26
2879,27
2880,23
2881,24
2882,24
2883,24
2884,24
2885,24
2886,24
2887,25
2888,24
2889,24
2890,24
2891,25
2892,24
2893,25
2894,25
2895,24
2896,24
2897,25
2898,24
2899,25
2900,24
2901,25
2902,25
2903,26
2904,24
2905,25
2906,25
2907,24
2908,25
2909,26
2910,24
2911,25
2912,24
2913,25
2914,25
2915,25
2916,22
2917,23
2918,23
2919,23
2920,24
2921,25
2922,23
2923,24
2924,24
2925,23
2926,24
2927,25
2928,24
2929,25
2930,25
2931,25
2932,25
2933,26
2934,23
2935,24
2936,24
2937,24
2938,25
2939,26
2940,24
2941,25
2942,25
2943,23
2944,24
2945,25
2946,24
2947,25
2948,25
2949,25
2950,25
2951,26
2952,24
2953,25
2954,25
2955,25
2956,25
2957,26
2958,25
2959,26
2960,24
2961,25
2962,25
2963,26
2964,24
2965,25
2966,25
2967,25
2968,25
2969,26
2970,23
2971,24
2972,24
2973,24
2974,25
2975,25
2976,24
2977,25
2978,25
2979,24
2980,25
2981,25
2982,25
2983,25
2984,25
2985,25
2986,26
2987,26
2988,24
2989,25
2990,25
2991,25
2992,25
2993,25
2994,25
2995,26
2996,26
2997,23
2998,24
2999,25
3000,24
3001,25
3002,25
3003,25
3004,25
3005,25
3006,24
3007,25
3008,25
3009,25
3010,25
3011,26
3012,25
3013,26
3014,26
3015,25
3016,25
3017,26
3018,26
3019,27
3020,25
3021,25
3022,26
3023,27
3024,23
3025,24
3026,24
3027,24
3028,24
3029,25
3030,24
3031,24
3032,24
3033,24
3034,25
3035,26
3036,24
3037,25
3038,24
3039,25
3040,24
3041,25
3042,24
3043,25
3044,25
3045,24
3046,25
3047,26
3048,24
3049,25
3050,25
3051,24
3052,24
3053,25
3054,25
3055,25
3056,25
3057,26
3058,26
3059,25
3060,24
3061,25
3062,25
3063,25
3064,25
3065,25
3066,24
3067,25
3068,25
3069,25
3070,25
3071,26
3072,23
3073,24
3074,24
3075,24
3076,24
3077,25
3078,23
3079,24
3080,24
3081,24
3082,25
3083,26
3084,24
3085,25
3086,25
3087,24
3088,24
3089,25
3090,25
3091,26
3092,25
3093,26
3094,25
3095,26
3096,24
3097,24
3098,25
3099,25
3100,25
3101,26
3102,25
3103,26
3104,24
3105,24
3106,25
3107,26
3108,24
3109,25
3110,25
3111,25
3112,25
3113,26
3114,25
3115,25
3116,25
3117,26
3118,26
3119,27
3120,24
3121,25
3122,25
3123,25
3124,25
3125,25
3126,25
3127,26
3128,25
3129,25
3130,25
3131,26
3132,24
3133,25
3134,25
3135,24
3136,24
3137,25
3138,25
3139,25
3140,25
3141,25
3142,26
3143,25
3144,25
3145,25
3146,25
3147,26
3148,26
3149,27
3150,24
3151,25
3152,25
3153,25
3154,25
3155,25
3156,25
3157,25
3158,26
3159,23
3160,24
3161,25
3162,24
3163,25
3164,25
3165,25
3166,26
3167,27
3168,24
3169,25
3170,25
3171,25
3172,25
3173,26
3174,25
3175,25
3176,25
3177,25
3178,26
3179,25
3180,25
3181,26
3182,25
3183,26
3184,25
3185,25
3186,24
3187,25
3188,26
3189,25
3190,25
3191,26
3192,24
3193,25
3194,25
3195,25
3196,25
3197,26
3198,25
3199,25
3200,24
3201,25
3202,25
3203,26
3204,25
3205,25
3206,25
3207,26
3208,25
3209,26
3210,25
3211,25
3212,25
3213,24
3214,25
3215,26
3216,25
3217,26
3218,26
3219,25
3220,25
3221,26
3222,25
3223,26
3224,25
3225,25
3226,26
3227,26
3228,26
3229,27
3230,25
3231,26
3232,25
3233,26
3234,25
3235,26
3236,26
3237,26
3238,27
3239,26
3240,23
3241,24
3242,24
3243,24
3244,24
3245,24
3246,24
3247,25
3248,24
3249,24
3250,24
3251,25
3252,24
3253,25
3254,25
3255,24
3256,25
3257,26
3258,24
3259,25
3260,24
3261,25
3262,25
3263,26
3264,24
3265,25
3266,25
3267,24
3268,25
3269,26
3270,24
3271,25
3272,25
3273,25
3274,26
3275,25
3276,24
3277,25
3278,25
3279,25
3280,25
3281,25
3282,25
3283,25
3284,26
3285,24
3286,25
3287,26
3288,25
3289,25
3290,25
3291,26
3292,26
3293,26
3294,24
3295,25
3296,25
3297,25
3298,25
3299,26
3300,24
3301,25
3302,25
3303,25
3304,25
3305,25
3306,25
3307,26
3308,26
3309,26
3310,25
3311,26
3312,24
3313,25
3314,25
3315,25
3316,25
3317,26
3318,25
3319,26
3320,25
3321,24
3322,25
3323,26
3324,25
3325,25
3326,26
3327,26
3328,24
3329,25
3330,24
3331,25
3332,25
3333,25
3334,26
3335,25
3336,25
3337,26
3338,26
3339,25
3340,25
3341,25
3342,26
3343,27
3344,25
3345,25
3346,26
3347,27
3348,24
3349,25
3350,25
3351,25
3352,25
3353,26
3354,25
3355,25
3356,26
3357,25
3358,25
3359,26
3360,24
3361,25
3362,25
3363,25
3364,25
3365,25
3366,25
3367,25
3368,25
3369,26
3370,25
3371,26
3372,25
3373,26
3374,25
3375,24
3376,25
3377,26
3378,25
3379,25
3380,25
3381,25
3382,26
3383,26
3384,25
3385,26
3386,26
3387,26
3388,25
3389,26
3390,25
3391,26
3392,25
3393,25
3394,26
3395,25
3396,26
3397,26
3398,27
3399,26
3400,25
3401,26
3402,23
3403,24
3404,24
3405,24
3406,25
3407,26
3408,24
3409,24
3410,25
3411,24
3412,25
3413,26
3414,25
3415,26
3416,25
3417,26
3418,26
3419,27
3420,24
3421,25
3422,25
3423,24
3424,25
3425,25
3426,25
3427,26
3428,26
3429,24
3430,25
3431,26
3432,25
3433,26
3434,26
3435,25
3436,26
3437,26
3438,25
3439,25
3440,25
3441,25
3442,26
3443,26
3444,25
3445,26
3446,26
3447,26
3448,26
3449,27
3450,25
3451,26
3452,26
3453,26
3454,26
3455,26
3456,23
3457,24
3458,24
3459,24
3460,24
3461,25
3462,24
3463,25
3464,24
3465,24
3466,25
3467,26
3468,24
3469,25
3470,25
3471,25
3472,24
3473,25
3474,24
3475,25
3476,25
3477,25
3478,26
3479,26
3480,24
3481,25
3482,25
3483,24
3484,25
3485,26
3486,25
3487,26
3488,24
3489,25
3490,25
3491,26
3492,24
3493,25
3494,25
3495,25
3496,25
3497,26
3498,25
3499,26
3500,25
3501,25
3502,26
3503,26
3504,24
3505,25
3506,25
3507,25
3508,25
3509,26
3510,24
3511,25
3512,25
3513,25
3514,26
3515,25
3516,25
3517,26
3518,26
3519,25
3520,24
3521,25
3522,25
3523,25
3524,25
3525,25
3526,26
3527,27
3528,24
3529,25
3530,25
3531,25
3532,25
3533,26
3534,25
3535,25
3536,25
3537,25
3538,26
3539,27
3540,25
3541,26
3542,25
3543,26
3544,26
3545,26
3546,25
3547,26
3548,26
3549,25
3550,26
3551,27
3552,24
3553,25
3554,25
3555,25
3556,25
3557,26
3558,25
3559,26
3560,25
3561,26
3562,26
3563,26
3564,24
3565,25
3566,25
3567,25
3568,25
3569,26
3570,25
3571,26
3572,26
3573,25
3574,26
3575,25
3576,25
3577,25
3578,26
3579,26
3580,26
3581,27
3582,25
3583,26
3584,24
3585,25
3586,25
3587,26
3588,25
3589,25
3590,26
3591,24
3592,25
3593,26
3594,25
3595,26
3596,26
3597,25
3598,25
3599,26
3600,24
3601,25
3602,25
3603,25
3604,25
3605,25
3606,25
3607,26
3608,25
3609,25
3610,25
3611,26
3612,25
3613,26
3614,26
3615,25
3616,25
3617,26
3618,25
3619,26
3620,25
3621,26
3622,26
3623,27
3624,25
3625,25
3626,25
3627,25
3628,26
3629,26
3630,25
3631,26
3632,26
3633,26
3634,26
3635,26
3636,25
3637,26
3638,26
3639,26
3640,25
3641,26
3642,26
3643,27
3644,26
3645,23
3646,24
3647,25
3648,24
3649,25
3650,25
3651,25
3652,25
3653,26
3654,24
3655,25
3656,25
3657,25
3658,26
3659,27
3660,25
3661,26
3662,26
3663,25
3664,25
3665,26
3666,26
3667,25
3668,26
3669,27
3670,26
3671,27
3672,24
3673,25
3674,25
3675,25
3676,25
3677,26
3678,25
3679,26
3680,25
3681,25
3682,26
3683,26
3684,25
3685,26
3686,25
3687,26
3688,26
3689,25
3690,25
3691,26
3692,26
3693,26
3694,27
3695,26
3696,25
3697,26
3698,26
3699,25
3700,25
3701,26
3702,26
3703,26
3704,26
3705,25
3706,25
3707,26
3708,25
3709,26
3710,26
3711,26
3712,25
3713,26
3714,26
3715,27
3716,26
3717,26
3718,26
3719,27
3720,25
3721,26
3722,26
3723,25
3724,25
3725,26
3726,24
3727,25
3728,26
3729,25
3730,26
3731,26
3732,26
3733,27
3734,27
3735,25
3736,26
3737,26
3738,26
3739,27
3740,25
3741,26
3742,26
3743,26
3744,24
3745,25
3746,25
3747,25
3748,25
3749,26
3750,25
3751,26
3752,25
3753,25
3754,26
3755,26
3756,25
3757,25
3758,26
3759,26
3760,25
3761,26
3762,25
3763,26
3764,26
3765,26
3766,27
3767,28
3768,25
3769,26
3770,25
3771,26
3772,26
3773,26
3774,25
3775,26
3776,25
3777,26
3778,26
3779,27
3780,24
3781,25
3782,25
3783,25
3784,25
3785,25
3786,25
3787,25
3788,26
3789,25
3790,25
3791,26
3792,25
3793,26
3794,25
3795,25
3796,25
3797,26
3798,25
3799,26
3800,25
3801,25
3802,26
3803,27
3804,26
3805,26
3806,27
3807,25
3808,25
3809,26
3810,25
3811,26
3812,26
3813,26
3814,27
3815,25
3816,25
3817,26
3818,26
3819,26
3820,26
3821,27
3822,25
3823,26
3824,26
3825,25
3826,26
3827,27
3828,26
3829,26
3830,26
3831,27
3832,27
3833,28
3834,25
3835,26
3836,26
3837,26
3838,26
3839,27
3840,24
3841,25
3842,25
3843,25
3844,25
3845,25
3846,25
3847,26
3848,25
3849,26
3850,25
3851,26
3852,25
3853,26
3854,26
3855,25
3856,25
3857,26
3858,26
3859,27
3860,25
3861,25
3862,26
3863,27
3864,25
3865,26
3866,26
3867,26
3868,26
3869,26
3870,25
3871,26
3872,25
3873,26
3874,26
3875,26
3876,25
3877,26
3878,26
3879,26
3880,25
3881,26
3882,26
3883,27
3884,26
3885,25
3886,26
3887,27
3888,23
3889,24
3890,24
3891,24
3892,24
3893,25
3894,24
3895,25
3896,24
3897,24
3898,25
3899,26
3900,24
3901,25
3902,25
3903,25
3904,25
3905,26
3906,24
3907,25
3908,25
3909,25
3910,26
3911,27
3912,24
3913,25
3914,25
3915,24
3916,25
3917,26
3918,25
3919,26
3920,25
3921,26
3922,26
3923,27
3924,24
3925,25
3926,25
3927,25
3928,25
3929,26
3930,25
3931,26
3932,26
3933,25
3934,26
3935,27
3936,25
3937,26
3938,26
3939,26
3940,26
3941,27
3942,24
3943,25
3944,25
3945,25
3946,26
3947,27
3948,25
3949,26
3950,26
3951,25
3952,25
3953,26
3954,26
3955,26
3956,26
3957,27
3958,27
3959,27
3960,24
3961,25
3962,25
3963,25
3964,25
3965,26
3966,25
3967,26
3968,25
3969,24
3970,25
3971,26
3972,25
3973,26
3974,26
3975,26
3976,25
3977,26
3978,25
3979,26
3980,26
3981,26
3982,26
3983,26
3984,25
3985,26
3986,26
3987,26
3988,26
3989,27
3990,25
3991,26
3992,26
3993,26
3994,27
3995,26
3996,24
3997,25
3998,25
3999,25
4000,25
4001,26
4002,25
4003,26
4004,26
4005,25
4006,26
4007,27
4008,25
4009,26
4010,26
4011,26
4012,26
4013,27
4014,25
4015,25
4016,26
4017,26
4018,26
4019,27
4020,26
4021,27
4022,27
4023,25
4024,26
4025,26
4026,26
4027,27
4028,26
4029,26
4030,26
4031,27
4032,24
4033,25
4034,25
4035,25
4036,25
4037,26
4038,25
4039,25
4040,25
4041,25
4042,26
4043,27
4044,25
4045,26
4046,25
4047,26
4048,25
4049,26
4050,24
4051,25
4052,25
4053,25
4054,26
4055,25
4056,25
4057,26
4058,26
4059,25
4060,25
4061,26
4062,26
4063,27
4064,25
4065,25
4066,26
4067,26
4068,25
4069,26
4070,25
4071,26
4072,26
4073,27
4074,25
4075,25
4076,26
4077,25
4078,26
4079,27
4080,25
4081,26
4082,26
4083,26
4084,26
4085,26
4086,26
4087,27
4088,25
4089,26
4090,26
4091,27
4092,26
4093,27
4094,27
4095,25
4096,24
4097,25
4098,25
4099,26
4100,25
4101,26
4102,26
4103,27
4104,24
4105,25
4106,25
4107,25
4108,25
4109,26
4110,25
4111,26
4112,25
4113,25
4114,26
4115,27
4116,25
4117,26
4118,26
4119,26
4120,26
4121,27
4122,25
4123,25
4124,26
4125,25
4126,26
4127,27
4128,25
4129,26
4130,26
4131,24
4132,25
4133,26
4134,25
4135,26
4136,26
4137,26
4138,27
4139,28
4140,25
4141,26
4142,25
4143,26
4144,25
4145,26
4146,26
4147,27
4148,26
4149,26
4150,26
4151,26
4152,26
4153,27
4154,27
4155,26
4156,27
4157,28
4158,25
4159,26
4160,25
4161,25
4162,26
4163,27
4164,26
4165,26
4166,27
4167,26
4168,26
4169,26
4170,26
4171,26
4172,26
4173,26
4174,27
4175,27
4176,25
4177,26
4178,26
4179,26
4180,25
4181,26
4182,26
4183,27
4184,26
4185,25
4186,26
4187,27
4188,26
4189,27
4190,26
4191,26
4192,26
4193,27
4194,26
4195,27
4196,27
4197,27
4198,28
4199,26
4200,25
4201,26
4202,26
4203,26
4204,26
4205,26
4206,26
4207,26
4208,26
4209,27
4210,26
4211,27
4212,24
4213,25
4214,25
4215,25
4216,25
4217,26
4218,25
4219,26
4220,26
4221,25
4222,26
4223,27
4224,25
4225,25
4226,26
4227,26
4228,26
4229,27
4230,25
4231,26
4232,26
4233,26
4234,26
4235,26
4236,26
4237,26
4238,25
4239,25
4240,26
4241,27
4242,26
4243,27
4244,27
4245,27
4246,26
4247,27
4248,25
4249,26
4250,26
4251,25
4252,26
4253,27
4254,26
4255,26
4256,25
4257,26
4258,26
4259,27
4260,26
4261,27
4262,27
4263,26
4264,26
4265,27
4266,25
4267,26
4268,26
4269,26
4270,26
4271,27
4272,26
4273,27
4274,27
4275,25
4276,26
4277,27
4278,26
4279,27
4280,26
4281,27
4282,28
4283,29
4284,25
4285,26
4286,26
4287,26
4288,26
4289,27
4290,25
4291,26
4292,26
4293,25
4294,26
4295,27
4296,26
4297,27
4298,26
4299,27
4300,26
4301,26
4302,26
4303,26
4304,27
4305,26
4306,27
4307,27
4308,27
4309,27
4310,27
4311,27
4312,26
4313,27
4314,27
4315,28
4316,26
4317,27
4318,26
4319,27
4320,24
4321,25
4322,25
4323,25
4324,25
4325,25
4326,25
4327,26
4328,25
4329,25
4330,25
4331,26
4332,25
4333,26
4334,26
4335,25
4336,25
4337,26
4338,25
4339,26
4340,25
4341,26
4342,26
4343,27
4344,25
4345,26
4346,26
4347,25
4348,26
4349,27
4350,25
4351,26
4352,25
4353,26
4354,26
4355,26
4356,25
4357,26
4358,26
4359,26
4360,25
4361,26
4362,26
4363,27
4364,26
4365,25
4366,26
4367,27
4368,25
4369,26
4370,26
4371,26
4372,26
4373,27
4374,23
4375,24
4376,25
4377,24
4378,25
4379,26
4380,25
4381,26
4382,26
4383,24
4384,25
4385,26
4386,25
4387,26
4388,27
4389,26
4390,26
4391,27
4392,25
4393,26
4394,26
4395,26
4396,26
4397,27
4398,26
4399,27
4400,25
4401,24
4402,25
4403,26
4404,25
4405,26
4406,27
4407,26
4408,26
4409,27
4410,25
4411,26
4412,26
4413,26
4414,27
4415,26
4416,25
4417,26
4418,26
4419,26
4420,26
4421,27
4422,26
4423,27
4424,26
4425,26
4426,27
4427,27
4428,25
4429,26
4430,26
4431,26
4432,26
4433,27
4434,26
4435,27
4436,27
4437,26
4438,27
4439,27
4440,25
4441,26
4442,26
4443,26
4444,26
4445,26
4446,25
4447,26
4448,26
4449,26
4450,26
4451,27
4452,26
4453,26
4454,27
4455,24
4456,25
4457,26
4458,25
4459,26
4460,26
4461,26
4462,26
4463,27
4464,25
4465,26
4466,26
4467,26
4468,26
4469,26
4470,26
4471,27
4472,26
4473,26
4474,27
4475,27
4476,26
4477,26
4478,27
4479,27
4480,25
4481,26
4482,25
4483,26
4484,26
4485,26
4486,27
4487,26
4488,26
4489,27
4490,26
4491,26
4492,27
4493,28
4494,26
4495,26
4496,26
4497,27
4498,27
4499,27
4500,25
4501,26
4502,26
4503,26
4504,26
4505,26
4506,26
4507,27
4508,26
4509,26
4510,26
4511,27
4512,26
4513,27
4514,26
4515,26
4516,27
4517,28
4518,26
4519,27
4520,26
4521,27
4522,26
4523,27
4524,26
4525,26
4526,26
4527,27
4528,27
4529,27
4530,26
4531,27
4532,27
4533,27
4534,28
4535,27
4536,24
4537,25
4538,25
4539,25
4540,25
4541,26
4542,25
4543,25
4544,25
4545,25
4546,26
4547,27
4548,25
4549,26
4550,25
4551,26
4552,26
4553,27
4554,25
4555,26
4556,26
4557,25
4558,26
4559,27
4560,25
4561,26
4562,26
4563,25
4564,25
4565,26
4566,26
4567,27
4568,26
4569,27
4570,26
4571,26
4572,25
4573,26
4574,26
4575,26
4576,26
4577,27
4578,25
4579,26
4580,26
4581,26
4582,27
4583,28
4584,26
4585,26
4586,27
4587,27
4588,26
4589,27
4590,25
4591,26
4592,26
4593,26
4594,27
4595,26
4596,26
4597,27
4598,26
4599,25
4600,26
4601,27
4602,26
4603,27
4604,27
4605,26
4606,26
4607,26
4608,24
4609,25
4610,25
4611,25
4612,25
4613,26
4614,25
4615,26
4616,25
4617,24
4618,25
4619,26
4620,25
4621,26
4622,26
4623,26
4624,25
4625,26
4626,25
4627,26
4628,26
4629,26
4630,27
4631,27
4632,25
4633,26
4634,26
4635,26
4636,26
4637,27
4638,26
4639,27
4640,25
4641,26
4642,26
4643,27
4644,25
4645,26
4646,26
4647,26
4648,26
4649,27
4650,26
4651,27
4652,27
4653,26
4654,27
4655,26
4656,25
4657,26
4658,26
4659,26
4660,26
4661,27
4662,25
4663,26
4664,26
4665,26
4666,27
4667,28
4668,26
4669,26
4670,27
4671,26
4672,25
4673,26
4674,26
4675,26
4676,26
4677,27
4678,27
4679,28
4680,25
4681,26
4682,26
4683,26
4684,26
4685,26
4686,26
4687,26
4688,26
4689,26
4690,26
4691,27
4692,26
4693,26
4694,27
4695,26
4696,27
4697,27
4698,25
4699,26
4700,26
4701,26
4702,27
4703,28
4704,25
4705,26
4706,26
4707,26
4708,26
4709,27
4710,26
4711,26
4712,26
4713,27
4714,27
4715,27
4716,26
4717,27
4718,26
4719,26
4720,26
4721,27
4722,27
4723,28
4724,27
4725,25
4726,26
4727,26
4728,26
4729,27
4730,26
4731,27
4732,26
4733,27
4734,26
4735,27
4736,25
4737,26
4738,26
4739,27
4740,26
4741,27
4742,27
4743,26
4744,26
4745,26
4746,26
4747,27
4748,27
4749,27
4750,26
4751,27
4752,25
4753,26
4754,26
4755,26
4756,26
4757,27
4758,26
4759,27
4760,26
4761,26
4762,27
4763,26
4764,26
4765,27
4766,27
4767,27
4768,26
4769,27
4770,26
4771,27
4772,27
4773,26
4774,26
4775,27
4776,26
4777,27
4778,27
4779,26
4780,27
4781,28
4782,27
4783,28
4784,26
4785,26
4786,27
4787,28
4788,25
4789,26
4790,26
4791,26
4792,26
4793,27
4794,26
4795,26
4796,26
4797,26
4798,27
4799,28
4800,25
4801,26
4802,26
4803,26
4804,26
4805,26
4806,26
4807,26
4808,26
4809,26
4810,26
4811,27
4812,26
4813,27
4814,27
4815,26
4816,26
4817,27
4818,26
4819,27
4820,26
4821,27
4822,27
4823,27
4824,26
4825,26
4826,26
4827,27
4828,27
4829,27
4830,26
4831,27
4832,26
4833,27
4834,27
4835,27
4836,26
4837,27
4838,27
4839,27
4840,26
4841,27
4842,27
4843,28
4844,27
4845,26
4846,27
4847,27
4848,26
4849,27
4850,26
4851,26
4852,27
4853,28
4854,27
4855,27
4856,27
4857,28
4858,27
4859,27
4860,24
4861,25
4862,25
4863,25
4864,25
4865,25
4866,25
4867,26
4868,26
4869,25
4870,25
4871,26
4872,25
4873,26
4874,26
4875,25
4876,26
4877,27
4878,25
4879,26
4880,26
4881,26
4882,27
4883,26
4884,26
4885,27
4886,27
4887,25
4888,26
4889,27
4890,25
4891,26
4892,26
4893,26
4894,27
4895,26
4896,25
4897,26
4898,26
4899,26
4900,26
4901,27
4902,26
4903,27
4904,26
4905,25
4906,26
4907,27
4908,26
4909,27
4910,26
4911,27
4912,26
4913,26
4914,25
4915,26
4916,26
4917,26
4918,27
4919,28
4920,26
4921,26
4922,27
4923,26
4924,27
4925,27
4926,27
4927,26
4928,26
4929,27
4930,26
4931,27
4932,26
4933,27
4934,27
4935,26
4936,27
4937,28
4938,27
4939,27
4940,26
4941,25
4942,26
4943,27
4944,26
4945,27
4946,27
4947,26
4948,27
4949,27
4950,25
4951,26
4952,26
4953,26
4954,27
4955,26
4956,26
4957,27
4958,27
4959,26
4960,26
4961,27
4962,27
4963,27
4964,26
4965,26
4966,27
4967,28
4968,25
4969,26
4970,26
4971,26
4972,26
4973,27
4974,26
4975,27
4976,27
4977,26
4978,27
4979,28
4980,26
4981,27
4982,27
4983,27
4984,27
4985,27
4986,26
4987,27
4988,27
4989,27
4990,27
4991,27
4992,25
4993,26
4994,26
4995,25
4996,26
4997,27
4998,26
4999,27
5000,26
5001,27
5002,27
5003,28
5004,26
5005,26
5006,27
5007,27
5008,26
5009,27
5010,26
5011,27
5012,27
5013,27
5014,26
5015,27
5016,26
5017,27
5018,26
5019,27
5020,27
5021,28
5022,25
5023,26
5024,26
5025,26
5026,27
5027,27
5028,26
5029,27
5030,27
5031,26
5032,26
5033,27
5034,27
5035,27
5036,27
5037,27
5038,27
5039,28
5040,25
5041,26
5042,26
5043,26
5044,26
5045,26
5046,26
5047,26
5048,26
5049,26
5050,26
5051,27
5052,26
5053,26
5054,26
5055,26
5056,26
5057,27
5058,26
5059,27
5060,26
5061,26
5062,27
5063,28
5064,26
5065,27
5066,27
5067,27
5068,26
5069,27
5070,26
5071,27
5072,27
5073,27
5074,27
5075,26
5076,26
5077,27
5078,27
5079,27
5080,26
5081,27
5082,26
5083,27
5084,27
5085,26
5086,27
5087,28
5088,26
5089,27
5090,27
5091,27
5092,27
5093,28
5094,27
5095,28
5096,26
5097,27
5098,27
5099,28
5100,26
5101,27
5102,27
5103,24
5104,25
5105,26
5106,25
5107,26
5108,27
5109,26
5110,26
5111,27
5112,25
5113,26
5114,27
5115,26
5116,27
5117,27
5118,27
5119,28
5120,25
5121,26
5122,26
5123,27
5124,26
5125,26
5126,27
5127,27
5128,26
5129,27
5130,25
5131,26
5132,26
5133,26
5134,27
5135,26
5136,26
5137,27
5138,27
5139,26
5140,26
5141,27
5142,27
5143,27
5144,27
5145,26
5146,27
5147,28
5148,26
5149,26
5150,27
5151,27
5152,26
5153,27
5154,27
5155,28
5156,27
5157,26
5158,27
5159,27
5160,26
5161,27
5162,27
5163,27
5164,27
5165,27
5166,26
5167,27
5168,26
5169,27
5170,27
5171,28
5172,27
5173,27
5174,27
5175,26
5176,27
5177,28
5178,27
5179,28
5180,26
5181,27
5182,27
5183,27
5184,24
5185,25
5186,25
5187,25
5188,25
5189,26
5190,25
5191,26
5192,25
5193,25
5194,26
5195,27
5196,25
5197,26
5198,26
5199,26
5200,25
5201,26
5202,25
5203,26
5204,26
5205,26
5206,27
5207,27
5208,25
5209,26
5210,26
5211,25
5212,26
5213,27
5214,26
5215,27
5216,25
5217,26
5218,26
5219,27
5220,25
5221,26
5222,26
5223,26
5224,26
5225,26
5226,26
5227,27
5228,27
5229,26
5230,27
5231,28
5232,25
5233,26
5234,26
5235,26
5236,26
5237,27
5238,25
5239,26
5240,26
5241,26
5242,27
5243,28
5244,26
5245,27
5246,27
5247,26
5248,26
5249,27
5250,26
5251,27
5252,27
5253,27
5254,27
5255,27
5256,25
5257,26
5258,26
5259,26
5260,26
5261,27
5262,26
5263,27
5264,26
5265,25
5266,26
5267,27
5268,26
5269,27
5270,26
5271,27
5272,27
5273,28
5274,26
5275,27
5276,27
5277,27
5278,26
5279,27
5280,25
5281,26
5282,26
5283,26
5284,26
5285,27
5286,26
5287,27
5288,26
5289,27
5290,27
5291,27
5292,25
5293,26
5294,26
5295,26
5296,26
5297,27
5298,26
5299,26
5300,27
5301,26
5302,27
5303,28
5304,26
5305,27
5306,26
5307,27
5308,27
5309,28
5310,26
5311,27
5312,26
5313,26
5314,27
5315,27
5316,27
5317,27
5318,28
5319,26
5320,26
5321,27
5322,27
5323,28
5324,27
5325,27
5326,28
5327,27
5328,25
5329,26
5330,26
5331,26
5332,26
5333,27
5334,26
5335,26
5336,26
5337,26
5338,27
5339,27
5340,26
5341,26
5342,27
5343,27
5344,26
5345,27
5346,25
5347,26
5348,26
5349,26
5350,27
5351,28
5352,26
5353,27
5354,27
5355,26
5356,27
5357,26
5358,27
5359,28
5360,27
5361,28
5362,27
5363,28
5364,26
5365,26
5366,27
5367,27
5368,27
5369,28
5370,27
5371,28
5372,27
5373,26
5374,27
5375,27
5376,25
5377,26
5378,26
5379,26
5380,26
5381,27
5382,26
5383,26
5384,26
5385,27
5386,27
5387,28
5388,26
5389,27
5390,26
5391,27
5392,26
5393,27
5394,27
5395,27
5396,27
5397,26
5398,27
5399,28
5400,25
5401,26
5402,26
5403,26
5404,26
5405,26
5406,26
5407,27
5408,26
5409,26
5410,26
5411,27
5412,26
5413,27
5414,27
5415,26
5416,27
5417,28
5418,26
5419,27
5420,26
5421,27
5422,27
5423,28
5424,26
5425,26
5426,27
5427,26
5428,27
5429,28
5430,26
5431,27
5432,26
5433,27
5434,27
5435,27
5436,26
5437,27
5438,27
5439,26
5440,26
5441,27
5442,27
5443,28
5444,27
5445,26
5446,27
5447,28
5448,27
5449,28
5450,26
5451,27
5452,27
5453,27
5454,26
5455,27
5456,27
5457,27
5458,28
5459,28
5460,26
5461,27
5462,27
5463,27
5464,27
5465,27
5466,27
5467,27
5468,28
5469,28
5470,27
5471,28
5472,25
5473,26
5474,26
5475,26
5476,26
5477,27
5478,26
5479,27
5480,26
5481,26
5482,27
5483,28
5484,26
5485,27
5486,27
5487,27
5488,26
5489,27
5490,26
5491,26
5492,27
5493,27
5494,28
5495,27
5496,26
5497,27
5498,27
5499,27
5500,26
5501,27
5502,27
5503,28
5504,26
5505,27
5506,27
5507,28
5508,25
5509,26
5510,26
5511,26
5512,26
5513,27
5514,26
5515,27
5516,27
5517,26
5518,27
5519,28
5520,26
5521,27
5522,27
5523,27
5524,27
5525,26
5526,26
5527,27
5528,27
5529,26
5530,27
5531,28
5532,27
5533,28
5534,28
5535,26
5536,27
5537,27
5538,27
5539,28
5540,27
5541,28
5542,26
5543,27
5544,26
5545,27
5546,27
5547,27
5548,26
5549,27
5550,26
5551,27
5552,27
5553,27
5554,28
5555,27
5556,27
5557,28
5558,27
5559,26
5560,27
5561,28
5562,26
5563,27
5564,27
5565,27
5566,27
5567,27
5568,26
5569,27
5570,27
5571,27
5572,27
5573,28
5574,27
5575,27
5576,27
5577,27
5578,28
5579,28
5580,26
5581,27
5582,27
5583,27
5584,27
5585,27
5586,26
5587,27
5588,27
5589,26
5590,27
5591,28
5592,27
5593,27
5594,28
5595,27
5596,28
5597,27
5598,27
5599,28
5600,26
5601,27
5602,27
5603,28
5604,27
5605,27
5606,28
5607,27
5608,27
5609,28
5610,26
5611,27
5612,27
5613,27
5614,27
5615,28
5616,25
5617,26
5618,26
5619,26
5620,26
5621,27
5622,26
5623,27
5624,26
5625,26
5626,27
5627,27
5628,26
5629,26
5630,27
5631,27
5632,26
5633,27
5634,26
5635,27
5636,27
5637,27
5638,28
5639,29
5640,26
5641,27
5642,26
5643,26
5644,27
5645,28
5646,27
5647,28
5648,27
5649,28
5650,27
5651,28
5652,26
5653,27
5654,27
5655,26
5656,27
5657,28
5658,27
5659,28
5660,28
5661,26
5662,27
5663,28
5664,26
5665,27
5666,27
5667,27
5668,26
5669,27
5670,25
5671,26
5672,26
5673,26
5674,27
5675,26
5676,26
5677,26
5678,27
5679,26
5680,26
5681,27
5682,27
5683,28
5684,26
5685,26
5686,27
5687,28
5688,26
5689,27
5690,27
5691,26
5692,27
5693,28
5694,26
5695,27
5696,27
5697,26
5698,27
5699,28
5700,26
5701,27
5702,27
5703,27
5704,27
5705,26
5706,27
5707,27
5708,28
5709,28
5710,27
5711,28
5712,26
5713,27
5714,27
5715,26
5716,27
5717,28
5718,27
5719,27
5720,26
5721,27
5722,27
5723,28
5724,26
5725,27
5726,27
5727,27
5728,27
5729,27
5730,27
5731,28
5732,28
5733,26
5734,27
5735,27
5736,27
5737,28
5738,27
5739,28
5740,27
5741,28
5742,27
5743,28
5744,28
5745,28
5746,27
5747,28
5748,28
5749,29
5750,27
5751,26
5752,27
5753,28
5754,27
5755,28
5756,28
5757,27
5758,28
5759,28
5760,25
5761,26
5762,26
5763,26
5764,26
5765,26
5766,26
5767,27
5768,26
5769,26
5770,26
5771,27
5772,26
5773,27
5774,27
5775,26
5776,26
5777,27
5778,26
5779,27
5780,26
5781,27
5782,27
5783,28
5784,26
5785,27
5786,27
5787,27
5788,27
5789,28
5790,26
5791,27
5792,26
5793,27
5794,27
5795,27
5796,26
5797,27
5798,27
5799,27
5800,26
5801,27
5802,27
5803,27
5804,27
5805,26
5806,27
5807,28
5808,26
5809,27
5810,27
5811,27
5812,27
5813,28
5814,26
5815,27
5816,27
5817,27
5818,28
5819,28
5820,26
5821,27
5822,27
5823,27
5824,26
5825,27
5826,27
5827,28
5828,27
5829,28
5830,27
5831,27
5832,24
5833,25
5834,25
5835,25
5836,25
5837,26
5838,25
5839,26
5840,26
5841,25
5842,26
5843,27
5844,25
5845,26
5846,26
5847,26
5848,26
5849,27
5850,25
5851,26
5852,26
5853,26
5854,27
5855,27
5856,26
5857,27
5858,27
5859,25
5860,26
5861,27
5862,26
5863,27
5864,27
5865,27
5866,27
5867,28
5868,25
5869,26
5870,26
5871,26
5872,26
5873,27
5874,26
5875,27
5876,27
5877,26
5878,27
5879,28
5880,26
5881,27
5882,27
5883,27
5884,27
5885,27
5886,25
5887,26
5888,26
5889,26
5890,27
5891,28
5892,26
5893,27
5894,27
5895,26
5896,27
5897,28
5898,27
5899,28
5900,27
5901,27
5902,28
5903,29
5904,26
5905,27
5906,27
5907,27
5908,27
5909,28
5910,27
5911,28
5912,27
5913,25
5914,26
5915,27
5916,26
5917,27
5918,28
5919,27
5920,26
5921,27
5922,26
5923,27
5924,27
5925,27
5926,28
5927,29
5928,26
5929,27
5930,27
5931,27
5932,27
5933,28
5934,27
5935,28
5936,27
5937,28
5938,28
5939,29
5940,25
5941,26
5942,26
5943,26
5944,26
5945,27
5946,26
5947,27
5948,27
5949,26
5950,27
5951,27
5952,26
5953,27
5954,27
5955,27
5956,27
5957,27
5958,26
5959,27
5960,27
5961,27
5962,27
5963,28
5964,27
5965,28
5966,27
5967,26
5968,27
5969,28
5970,27
5971,28
5972,28
5973,27
5974,28
5975,28
5976,26
5977,27
5978,27
5979,27
5980,27
5981,28
5982,27
5983,27
5984,27
5985,26
5986,27
5987,28
5988,27
5989,28
5990,27
5991,28
5992,27
5993,28
5994,25
5995,26
5996,26
5997,26
5998,27
5999,28
6000,26
6001,27
6002,27
6003,26
6004,27
6005,27
6006,27
6007,28
6008,27
6009,28
6010,27
6011,28
6012,26
6013,27
6014,27
6015,27
6016,27
6017,28
6018,27
6019,28
6020,27
6021,26
6022,27
6023,28
6024,27
6025,27
6026,28
6027,27
6028,28
6029,29
6030,27
6031,26
6032,27
6033,28
6034,28
6035,28
6036,28
6037,29
6038,29
6039,27
6040,27
6041,28
6042,27
6043,28
6044,28
6045,27
6046,28
6047,29
6048,25
6049,26
6050,26
6051,26
6052,26
6053,27
6054,26
6055,26
6056,26
6057,26
6058,27
6059,28
6060,26
6061,27
6062,26
6063,27
6064,26
6065,27
6066,26
6067,27
6068,27
6069,26
6070,27
6071,28
6072,26
6073,27
6074,27
6075,25
6076,26
6077,27
6078,26
6079,27
6080,26
6081,27
6082,27
6083,27
6084,26
6085,27
6086,27
6087,27
6088,27
6089,28
6090,26
6091,27
6092,27
6093,27
6094,28
6095,27
6096,26
6097,27
6098,27
6099,27
6100,27
6101,28
6102,26
6103,27
6104,26
6105,26
6106,27
6107,28
6108,27
6109,28
6110,27
6111,26
6112,27
6113,28
6114,27
6115,28
6116,28
6117,28
6118,27
6119,28
6120,26
6121,27
6122,27
6123,27
6124,27
6125,27
6126,27
6127,28
6128,27
6129,27
6130,27
6131,28
6132,26
6133,27
6134,27
6135,27
6136,27
6137,27
6138,27
6139,27
6140,27
6141,28
6142,27
6143,28
6144,25
6145,26
6146,26
6147,26
6148,26
6149,27
6150,26
6151,27
6152,26
6153,27
6154,27
6155,28
6156,25
6157,26
6158,26
6159,26
6160,26
6161,27
6162,26
6163,27
6164,27
6165,26
6166,27
6167,27
6168,26
6169,27
6170,27
6171,27
6172,27
6173,28
6174,26
6175,26
6176,26
6177,27
6178,27
6179,28
6180,27
6181,27
6182,28
6183,26
6184,27
6185,28
6186,27
6187,28
6188,27
6189,28
6190,28
6191,28
6192,26
6193,27
6194,26
6195,27
6196,27
6197,28
6198,27
6199,28
6200,27
6201,27
6202,28
6203,29
6204,27
6205,27
6206,28
6207,28
6208,26
6209,27
6210,26
6211,27
6212,27
6213,26
6214,27
6215,27
6216,26
6217,27
6218,27
6219,27
6220,27
6221,28
6222,27
6223,27
6224,27
6225,27
6226,28
6227,29
6228,27
6229,28
6230,27
6231,28
6232,27
6233,28
6234,28
6235,27
6236,28
6237,26
6238,27
6239,28
6240,26
6241,27
6242,27
6243,27
6244,27
6245,27
6246,27
6247,28
6248,27
6249,28
6250,27
6251,28
6252,27
6253,27
6254,28
6255,27
6256,27
6257,28
6258,27
6259,28
6260,27
6261,28
6262,28
6263,29
6264,26
6265,27
6266,27
6267,27
6268,27
6269,28
6270,26
6271,27
6272,26
6273,27
6274,27
6275,28
6276,27
6277,28
6278,27
6279,27
6280,27
6281,28
6282,27
6283,28
6284,28
6285,28
6286,27
6287,28
6288,27
6289,27
6290,27
6291,27
6292,27
6293,27
6294,28
6295,28
6296,28
6297,29
6298,29
6299,30
6300,26
6301,27
6302,27
6303,27
6304,27
6305,27
6306,27
6307,27
6308,27
6309,27
6310,27
6311,28
6312,27
6313,28
6314,27
6315,27
6316,28
6317,29
6318,25
6319,26
6320,26
6321,26
6322,27
6323,28
6324,26
6325,27
6326,27
6327,26
6328,27
6329,28
6330,27
6331,26
6332,27
6333,28
6334,29
6335,27
6336,26
6337,27
6338,27
6339,27
6340,27
6341,28
6342,27
6343,28
6344,27
6345,26
6346,27
6347,27
6348,27
6349,28
6350,27
6351,27
6352,27
6353,28
6354,27
6355,28
6356,28
6357,26
6358,27
6359,28
6360,27
6361,28
6362,28
6363,27
6364,27
6365,28
6366,28
6367,29
6368,27
6369,27
6370,27
6371,28
6372,26
6373,27
6374,27
6375,27
6376,28
6377,28
6378,27
6379,28
6380,27
6381,27
6382,28
6383,28
6384,26
6385,27
6386,27
6387,27
6388,27
6389,28
6390,27
6391,27
6392,27
6393,28
6394,28
6395,28
6396,27
6397,28
6398,27
6399,26
6400,26
6401,27
6402,27
6403,27
6404,27
6405,27
6406,28
6407,28
6408,27
6409,28
6410,27
6411,28
6412,27
6413,28
6414,28
6415,28
6416,27
6417,28
6418,28
6419,28
6420,27
6421,28
6422,27
6423,28
6424,27
6425,27
6426,26
6427,27
6428,27
6429,27
6430,28
6431,28
6432,27
6433,27
6434,28
6435,26
6436,27
6437,28
6438,27
6439,28
6440,27
6441,27
6442,28
6443,27
6444,27
6445,28
6446,28
6447,27
6448,27
6449,28
6450,27
6451,28
6452,28
6453,27
6454,28
6455,28
6456,28
6457,29
6458,29
6459,29
6460,27
6461,28
6462,28
6463,29
6464,27
6465,28
6466,28
6467,28
6468,27
6469,28
6470,28
6471,28
6472,28
6473,29
6474,27
6475,27
6476,28
6477,27
6478,28
6479,28
6480,25
6481,26
6482,26
6483,26
6484,26
6485,26
6486,26
6487,27
6488,26
6489,26
6490,26
6491,27
6492,26
6493,27
6494,27
6495,26
6496,26
6497,27
6498,26
6499,27
6500,26
6501,27
6502,27
6503,28
6504,26
6505,27
6506,27
6507,26
6508,27
6509,28
6510,26
6511,27
6512,27
6513,27
6514,28
6515,27
6516,26
6517,27
6518,27
6519,27
6520,26
6521,27
6522,27
6523,28
6524,27
6525,26
6526,27
6527,28
6528,26
6529,27
6530,27
6531,27
6532,27
6533,28
6534,26
6535,27
6536,27
6537,27
6538,28
6539,29
6540,26
6541,27
6542,27
6543,27
6544,27
6545,27
6546,27
6547,28
6548,28
6549,28
6550,27
6551,28
6552,26
6553,27
6554,27
6555,27
6556,27
6557,28
6558,27
6559,27
6560,27
6561,25
6562,26
6563,27
6564,26
6565,27
6566,27
6567,27
6568,28
6569,29
6570,26
6571,27
6572,27
6573,27
6574,28
6575,27
6576,27
6577,28
6578,27
6579,27
6580,27
6581,28
6582,28
6583,29
6584,28
6585,27
6586,28
6587,28
6588,26
6589,27
6590,27
6591,27
6592,27
6593,28
6594,27
6595,28
6596,27
6597,27
6598,28
6599,29
6600,26
6601,27
6602,27
6603,27
6604,27
6605,27
6606,27
6607,28
6608,27
6609,28
6610,27
6611,28
6612,27
6613,28
6614,28
6615,26
6616,27
6617,28
6618,27
6619,28
6620,27
6621,28
6622,27
6623,28
6624,26
6625,27
6626,27
6627,27
6628,27
6629,28
6630,27
6631,28
6632,27
6633,27
6634,28
6635,28
6636,27
6637,28
6638,28
6639,28
6640,27
6641,28
6642,26
6643,27
6644,27
6645,27
6646,28
6647,28
6648,27
6649,27
6650,27
6651,27
6652,28
6653,29
6654,28
6655,27
6656,26
6657,27
6658,27
6659,28
6660,26
6661,27
6662,27
6663,27
6664,27
6665,27
6666,27
6667,28
6668,28
6669,26
6670,27
6671,28
6672,27
6673,28
6674,28
6675,27
6676,28
6677,29
6678,27
6679,28
6680,27
6681,28
6682,27
6683,27
6684,28
6685,28
6686,29
6687,28
6688,27
6689,28
6690,27
6691,28
6692,28
6693,28
6694,29
6695,28
6696,26
6697,27
6698,27
6699,27
6700,27
6701,28
6702,27
6703,28
6704,27
6705,27
6706,28
6707,28
6708,27
6709,28
6710,27
6711,28
6712,28
6713,28
6714,27
6715,28
6716,27
6717,28
6718,28
6719,29
6720,26
6721,27
6722,27
6723,27
6724,27
6725,27
6726,27
6727,27
6728,27
6729,28
6730,27
6731,28
6732,27
6733,28
6734,27
6735,27
6736,27
6737,28
6738,28
6739,29
6740,27
6741,27
6742,28
6743,28
6744,27
6745,28
6746,28
6747,28
6748,27
6749,28
6750,26
6751,27
6752,27
6753,27
6754,28
6755,27
6756,27
6757,28
6758,27
6759,27
6760,27
6761,28
6762,27
6763,28
6764,28
6765,27
6766,28
6767,29
6768,27
6769,28
6770,28
6771,27
6772,28
6773,28
6774,28
6775,27
6776,27
6777,27
6778,28
6779,29
6780,27
6781,28
6782,28
6783,27
6784,27
6785,28
6786,27
6787,28
6788,28
6789,27
6790,27
6791,28
6792,28
6793,29
6794,28
6795,27
6796,28
6797,28
6798,28
6799,28
6800,27
6801,28
6802,28
6803,29
6804,25
6805,26
6806,26
6807,26
6808,26
6809,27
6810,26
6811,26
6812,27
6813,26
6814,27
6815,28
6816,26
6817,27
6818,26
6819,27
6820,27
6821,28
6822,26
6823,27
6824,27
6825,26
6826,27
6827,28
6828,27
6829,28
6830,28
6831,26
6832,27
6833,28
6834,27
6835,28
6836,28
6837,28
6838,28
6839,28
6840,26
6841,27
6842,27
6843,27
6844,27
6845,27
6846,26
6847,27
6848,27
6849,27
6850,27
6851,28
6852,27
6853,27
6854,28
6855,27
6856,28
6857,29
6858,26
6859,27
6860,27
6861,27
6862,28
6863,29
6864,27
6865,28
6866,28
6867,26
6868,27
6869,28
6870,27
6871,28
6872,28
6873,28
6874,27
6875,27
6876,27
6877,28
6878,27
6879,28
6880,27
6881,28
6882,27
6883,28
6884,28
6885,26
6886,27
6887,28
6888,27
6889,28
6890,27
6891,28
6892,28
6893,28
6894,27
6895,28
6896,28
6897,27
6898,28
6899,29
6900,27
6901,28
6902,27
6903,28
6904,28
6905,28
6906,28
6907,29
6908,28
6909,28
6910,28
6911,29
6912,25
6913,26
6914,26
6915,26
6916,26
6917,27
6918,26
6919,27
6920,26
6921,26
6922,27
6923,28
6924,26
6925,27
6926,27
6927,27
6928,26
6929,27
6930,26
6931,27
6932,27
6933,27
6934,28
6935,27
6936,26
6937,27
6938,27
6939,26
6940,27
6941,28
6942,27
6943,28
6944,26
6945,27
6946,27
6947,28
6948,26
6949,27
6950,27
6951,27
6952,27
6953,28
6954,27
6955,28
6956,28
6957,27
6958,28
6959,29
6960,26
6961,27
6962,27
6963,27
6964,27
6965,28
6966,26
6967,27
6968,27
6969,27
6970,28
6971,29
6972,27
6973,28
6974,28
6975,27
6976,26
6977,27
6978,27
6979,28
6980,27
6981,28
6982,28
6983,29
6984,26
6985,27
6986,27
6987,27
6988,27
6989,28
6990,27
6991,28
6992,27
6993,26
6994,27
6995,28
6996,27
6997,28
6998,28
6999,28
7000,27
7001,28
7002,27
7003,28
7004,28
7005,28
7006,28
7007,28
7008,26
7009,27
7010,27
7011,27
7012,27
7013,28
7014,27
7015,28
7016,27
7017,28
7018,28
7019,29
7020,26
7021,27
7022,27
7023,27
7024,27
7025,27
7026,27
7027,28
7028,28
7029,27
7030,27
7031,28
7032,27
7033,27
7034,28
7035,27
7036,28
7037,29
7038,27
7039,28
7040,26
7041,27
7042,27
7043,28
7044,27
7045,28
7046,27
7047,26
7048,27
7049,28
7050,27
7051,28
7052,28
7053,28
7054,29
7055,28
7056,26
7057,27
7058,27
7059,27
7060,27
7061,28
7062,27
7063,27
7064,27
7065,27
7066,28
7067,28
7068,27
7069,28
7070,27
7071,28
7072,27
7073,28
7074,27
7075,28
7076,28
7077,27
7078,28
7079,29
7080,27
7081,27
7082,28
7083,28
7084,27
7085,27
7086,28
7087,28
7088,28
7089,28
7090,28
7091,28
7092,27
7093,28
7094,28
7095,27
7096,28
7097,29
7098,27
7099,28
7100,28
7101,28
7102,29
7103,30
7104,26
7105,27
7106,27
7107,27
7108,27
7109,28
7110,27
7111,28
7112,27
7113,28
7114,28
7115,28
7116,27
7117,28
7118,28
7119,27
7120,27
7121,28
7122,28
7123,29
7124,28
7125,27
7126,28
7127,29
7128,26
7129,27
7130,27
7131,27
7132,27
7133,28
7134,27
7135,28
7136,27
7137,27
7138,28
7139,27
7140,27
7141,27
7142,28
7143,28
7144,28
7145,28
7146,27
7147,28
7148,28
7149,28
7150,27
7151,28
7152,27
7153,28
7154,27
7155,27
7156,28
7157,28
7158,28
7159,29
7160,28
7161,27
7162,28
7163,28
7164,27
7165,28
7166,28
7167,28
7168,26
7169,27
7170,27
7171,28
7172,27
7173,28
7174,28
7175,27
7176,27
7177,28
7178,27
7179,28
7180,28
7181,29
7182,26
7183,27
7184,27
7185,27
7186,28
7187,29
7188,27
7189,27
7190,28
7191,27
7192,28
7193,29
7194,27
7195,28
7196,27
7197,28
7198,28
7199,29
7200,26
7201,27
7202,27
7203,27
7204,27
7205,27
7206,27
7207,28
7208,27
7209,27
7210,27
7211,28
7212,27
7213,28
7214,28
7215,27
7216,27
7217,28
7218,27
7219,28
7220,27
7221,28
7222,28
7223,29
7224,27
7225,27
7226,28
7227,27
7228,28
7229,29
7230,27
7231,28
7232,27
7233,28
7234,28
7235,28
7236,27
7237,28
7238,28
7239,27
7240,27
7241,28
7242,28
7243,29
7244,28
7245,27
7246,28
7247,29
7248,27
7249,28
7250,27
7251,28
7252,27
7253,28
7254,27
7255,28
7256,28
7257,28
7258,28
7259,28
7260,27
7261,28
7262,28
7263,28
7264,28
7265,28
7266,28
7267,28
7268,28
7269,29
7270,28
7271,28
7272,27
7273,28
7274,28
7275,27
7276,28
7277,29
7278,28
7279,29
7280,27
7281,28
7282,28
7283,29
7284,28
7285,28
7286,29
7287,28
7288,28
7289,28
7290,25
7291,26
7292,26
7293,26
7294,27
7295,26
7296,26
7297,27
7298,27
7299,26
7300,27
7301,28
7302,27
7303,28
7304,27
7305,26
7306,27
7307,28
7308,26
7309,27
7310,27
7311,27
7312,27
7313,28
7314,27
7315,27
7316,28
7317,26
7318,27
7319,28
7320,27
7321,28
7322,28
7323,28
7324,28
7325,28
7326,27
7327,28
7328,27
7329,28
7330,28
7331,29
7332,28
7333,29
7334,27
7335,26
7336,27
7337,28
7338,27
7339,28
7340,27
7341,28
7342,29
7343,29
7344,26
7345,27
7346,27
7347,27
7348,27
7349,28
7350,27
7351,28
7352,27
7353,27
7354,28
7355,28
7356,27
7357,28
7358,28
7359,28
7360,27
7361,27
7362,27
7363,28
7364,28
7365,28
7366,28
7367,29
7368,27
7369,28
7370,28
7371,26
7372,27
7373,28
7374,27
7375,28
7376,28
7377,28
7378,27
7379,28
7380,27
7381,28
7382,28
7383,28
7384,27
7385,28
7386,28
7387,29
7388,29
7389,28
7390,28
7391,28
7392,27
7393,28
7394,28
7395,27
7396,28
7397,28
7398,27
7399,28
7400,27
7401,28
7402,28
7403,28
7404,28
7405,28
7406,28
7407,28
7408,28
7409,29
7410,27
7411,28
7412,27
7413,28
7414,28
7415,28
7416,27
7417,28
7418,28
7419,28
7420,28
7421,28
7422,28
7423,28
7424,27
7425,26
7426,27
7427,28
7428,27
7429,28
7430,27
7431,28
7432,28
7433,29
7434,27
7435,28
7436,28
7437,28
7438,29
7439,29
7440,27
7441,28
7442,28
7443,28
7444,28
7445,28
7446,27
7447,28
7448,27
7449,28
7450,28
7451,29
7452,26
7453,27
7454,27
7455,27
7456,28
7457,29
7458,27
7459,28
7460,28
7461,27
7462,28
7463,28
7464,28
7465,29
7466,29
7467,28
7468,29
7469,28
7470,27
7471,28
7472,28
7473,28
7474,28
7475,28
7476,28
7477,29
7478,29
7479,27
7480,27
7481,28
7482,28
7483,29
7484,28
7485,28
7486,28
7487,29
7488,26
7489,27
7490,27
7491,27
7492,27
7493,28
7494,27
7495,28
7496,27
7497,27
7498,27
7499,28
7500,27
7501,27
7502,28
7503,28
7504,27
7505,28
7506,27
7507,28
7508,28
7509,28
7510,28
7511,28
7512,27
7513,28
7514,27
7515,28
7516,28
7517,29
7518,28
7519,28
7520,27
7521,28
7522,28
7523,29
7524,27
7525,28
7526,28
7527,27
7528,28
7529,29
7530,28
7531,29
7532,29
7533,26
7534,27
7535,28
7536,27
7537,28
7538,28
7539,28
7540,27
7541,28
7542,27
7543,28
7544,28
7545,28
7546,28
7547,29
7548,27
7549,28
7550,28
7551,28
7552,27
7553,28
7554,28
7555,29
7556,28
7557,28
7558,29
7559,30
7560,26
7561,27
7562,27
7563,27
7564,27
7565,27
7566,27
7567,27
7568,27
7569,27
7570,27
7571,28
7572,27
7573,28
7574,27
7575,27
7576,28
7577,29
7578,27
7579,28
7580,27
7581,27
7582,28
7583,29
7584,27
7585,28
7586,28
7587,27
7588,27
7589,28
7590,27
7591,28
7592,27
7593,28
7594,28
7595,27
7596,27
7597,28
7598,28
7599,28
7600,27
7601,28
7602,27
7603,28
7604,28
7605,27
7606,28
7607,29
7608,28
7609,28
7610,28
7611,29
7612,29
7613,29
7614,27
7615,28
7616,27
7617,28
7618,28
7619,28
7620,27
7621,28
7622,28
7623,27
7624,28
7625,28
7626,28
7627,29
7628,29
7629,29
7630,27
7631,28
7632,27
7633,28
7634,28
7635,28
7636,28
7637,28
7638,28
7639,29
7640,28
7641,28
7642,29
7643,30
7644,27
7645,28
7646,28
7647,28
7648,28
7649,29
7650,27
7651,28
7652,28
7653,28
7654,29
7655,28
7656,28
7657,28
7658,28
7659,28
7660,28
7661,28
7662,29
7663,28
7664,29
7665,27
7666,28
7667,28
7668,27
7669,28
7670,28
7671,28
7672,28
7673,29
7674,28
7675,28
7676,28
7677,28
7678,29
7679,29
7680,26
7681,27
7682,27
7683,27
7684,27
7685,27
7686,27
7687,28
7688,27
7689,28
7690,27
7691,28
7692,27
7693,28
7694,28
7695,26
7696,27
7697,28
7698,27
7699,28
7700,27
7701,28
7702,28
7703,29
7704,27
7705,28
7706,28
7707,28
7708,28
7709,28
7710,27
7711,28
7712,27
7713,28
7714,27
7715,28
7716,28
7717,29
7718,29
7719,29
7720,27
7721,28
7722,27
7723,28
7724,28
7725,28
7726,29
7727,30
7728,27
7729,28
7730,28
7731,28
7732,28
7733,28
7734,28
7735,28
7736,28
7737,29
7738,28
7739,28
7740,27
7741,28
7742,28
7743,28
7744,27
7745,28
7746,28
7747,28
7748,28
7749,27
7750,28
7751,29
7752,27
7753,28
7754,28
7755,28
7756,28
7757,29
7758,28
7759,29
7760,27
7761,28
7762,28
7763,29
7764,28
7765,28
7766,29
7767,29
7768,28
7769,28
7770,27
7771,28
7772,28
7773,28
7774,28
7775,28
7776,25
7777,26
7778,26
7779,26
7780,26
7781,27
7782,26
7783,27
7784,26
7785,26
7786,27
7787,28
7788,26
7789,27
7790,27
7791,27
7792,26
7793,27
7794,26
7795,27
7796,27
7797,27
7798,28
7799,29
7800,26
7801,27
7802,27
7803,26
7804,27
7805,28
7806,27
7807,28
7808,27
7809,28
7810,28
7811,29
7812,26
7813,27
7814,27
7815,27
7816,27
7817,28
7818,27
7819,28
7820,28
7821,27
7822,28
7823,29
7824,26
7825,27
7826,27
7827,27
7828,27
7829,28
7830,26
7831,27
7832,27
7833,27
7834,28
7835,28
7836,27
7837,28
7838,28
7839,27
7840,27
7841,28
7842,28
7843,28
7844,28
7845,28
7846,29
7847,28
7848,26
7849,27
7850,27
7851,27
7852,27
7853,28
7854,27
7855,28
7856,27
7857,26
7858,27
7859,28
7860,27
7861,28
7862,28
7863,28
7864,28
7865,28
7866,27
7867,28
7868,28
7869,28
7870,29
7871,29
7872,27
7873,28
7874,28
7875,27
7876,28
7877,29
7878,28
7879,29
7880,28
7881,28
7882,28
7883,29
7884,26
7885,27
7886,27
7887,27
7888,27
7889,28
7890,27
7891,28
7892,28
7893,27
7894,28
7895,29
7896,27
7897,28
7898,28
7899,28
7900,28
7901,29
7902,27
7903,28
7904,27
7905,28
7906,28
7907,29
7908,28
7909,29
7910,28
7911,27
7912,28
7913,28
7914,28
7915,29
7916,29
7917,28
7918,29
7919,30
7920,26
7921,27
7922,27
7923,27
7924,27
7925,28
7926,27
7927,28
7928,27
7929,27
7930,28
7931,28
7932,27
7933,28
7934,28
7935,28
7936,27
7937,28
7938,26
7939,27
7940,27
7941,27
7942,28
7943,29
7944,27
7945,27
7946,28
7947,27
7948,28
7949,29
7950,28
7951,29
7952,27
7953,28
7954,28
7955,28
7956,27
7957,27
7958,28
7959,27
7960,28
7961,29
7962,28
7963,29
7964,28
7965,27
7966,28
7967,28
7968,27
7969,28
7970,28
7971,28
7972,28
7973,28
7974,28
7975,27
7976,28
7977,29
7978,29
7979,29
7980,27
7981,28
7982,28
7983,28
7984,28
7985,28
7986,28
7987,27
7988,28
7989,29
7990,28
7991,29
7992,26
7993,27
7994,27
7995,27
7996,27
7997,28
7998,27
7999,28
8000,27
8001,27
8002,28
8003,29
8004,27
8005,28
8006,28
8007,28
8008,28
8009,29
8010,27
8011,28
8012,28
8013,28
8014,29
8015,28
8016,27
8017,28
8018,28
8019,26
8020,27
8021,28
8022,27
8023,28
8024,28
8025,28
8026,29
8027,30
8028,27
8029,27
8030,27
8031,28
8032,28
8033,29
8034,28
8035,29
8036,28
8037,28
8038,29
8039,30
8040,28
8041,29
8042,29
8043,29
8044,29
8045,29
8046,27
8047,28
8048,28
8049,28
8050,28
8051,29
8052,28
8053,29
8054,29
8055,28
8056,28
8057,29
8058,28
8059,29
8060,28
8061,29
8062,29
8063,29
8064,26
8065,27
8066,27
8067,27
8068,27
8069,28
8070,27
8071,27
8072,27
8073,27
8074,28
8075,28
8076,27
8077,28
8078,27
8079,28
8080,27
8081,28
8082,27
8083,28
8084,28
8085,27
8086,28
8087,29
8088,27
8089,28
8090,28
8091,28
8092,27
8093,28
8094,28
8095,29
8096,27
8097,28
8098,28
8099,28
8100,26
8101,27
8102,27
8103,27
8104,27
8105,27
8106,27
8107,28
8108,28
8109,27
8110,27
8111,28
8112,27
8113,28
8114,28
8115,27
8116,28
8117,29
8118,27
8119,28
8120,27
8121,28
8122,28
8123,29
8124,28
8125,27
8126,28
8127,27
8128,27
8129,28
8130,27
8131,28
8132,28
8133,28
8134,28
8135,28
8136,27
8137,28
8138,28
8139,28
8140,27
8141,28
8142,28
8143,29
8144,28
8145,27
8146,28
8147,29
8148,27
8149,28
8150,27
8151,28
8152,28
8153,29
8154,27
8155,28
8156,28
8157,28
8158,29
8159,29
8160,27
8161,28
8162,28
8163,28
8164,28
8165,28
8166,28
8167,29
8168,28
8169,28
8170,28
8171,29
8172,28
8173,29
8174,29
8175,27
8176,27
8177,28
8178,28
8179,29
8180,28
8181,27
8182,28
8183,28
8184,28
8185,29
8186,29
8187,29
8188,29
8189,29
8190,27
8191,28
8192,26
8193,27
8194,27
8195,28
8196,27
8197,28
8198,28
8199,28
8200,27
8201,28
8202,28
8203,28
8204,28
8205,28
8206,29
8207,30
8208,26
8209,27
8210,27
8211,27
8212,27
8213,28
8214,27
8215,28
8216,27
8217,27
8218,28
8219,29
8220,27
8221,28
8222,28
8223,28
8224,27
8225,28
8226,27
8227,27
8228,28
8229,28
8230,29
8231,30
8232,27
8233,28
8234,28
8235,27
8236,28
8237,29
8238,28
8239,28
8240,28
8241,29
8242,29
8243,30
8244,27
8245,28
8246,27
8247,28
8248,28
8249,28
8250,27
8251,28
8252,28
8253,28
8254,29
8255,28
8256,27
8257,28
8258,28
8259,28
8260,28
8261,29
8262,26
8263,27
8264,27
8265,27
8266,28
8267,29
8268,27
8269,28
8270,28
8271,27
8272,28
8273,29
8274,28
8275,28
8276,29
8277,29
8278,30
8279,27
8280,27
8281,28
8282,28
8283,28
8284,27
8285,28
8286,28
8287,29
8288,27
8289,27
8290,28
8291,29
8292,28
8293,29
8294,29
8295,28
8296,28
8297,29
8298,28
8299,28
8300,28
8301,29
8302,28
8303,28
8304,28
8305,28
8306,29
8307,28
8308,29
8309,29
8310,28
8311,29
8312,29
8313,27
8314,28
8315,29
8316,27
8317,28
8318,28
8319,28
8320,27
8321,28
8322,27
8323,28
8324,28
8325,27
8326,28
8327,28
8328,28
8329,29
8330,28
8331,29
8332,29
8333,28
8334,28
8335,29
8336,28
8337,28
8338,28
8339,29
8340,28
8341,28
8342,28
8343,27
8344,28
8345,29
8346,28
8347,29
8348,29
8349,28
8350,28
8351,29
8352,27
8353,28
8354,28
8355,28
8356,28
8357,29
8358,28
8359,29
8360,27
8361,28
8362,28
8363,29
8364,28
8365,29
8366,29
8367,29
8368,28
8369,29
8370,27
8371,28
8372,28
8373,28
8374,29
8375,28
8376,28
8377,29
8378,29
8379,27
8380,28
8381,28
8382,28
8383,29
8384,28
8385,28
8386,28
8387,29
8388,28
8389,29
8390,29
8391,29
8392,29
8393,28
8394,29
8395,28
8396,29
8397,28
8398,28
8399,29
8400,27
8401,28
8402,28
8403,28
8404,28
8405,28
8406,28
8407,28
8408,28
8409,29
8410,28
8411,29
8412,28
8413,29
8414,28
8415,27
8416,28
8417,29
8418,28
8419,29
8420,28
8421,28
8422,29
8423,30
8424,26
8425,27
8426,27
8427,27
8428,27
8429,28
8430,27
8431,28
8432,27
8433,27
8434,28
8435,28
8436,27
8437,27
8438,28
8439,28
8440,28
8441,29
8442,27
8443,28
8444,28
8445,28
8446,29
8447,30
8448,27
8449,28
8450,27
8451,27
8452,28
8453,29
8454,28
8455,28
8456,28
8457,29
8458,29
8459,28
8460,27
8461,28
8462,28
8463,27
8464,28
8465,29
8466,28
8467,29
8468,28
8469,28
8470,28
8471,29
8472,28
8473,28
8474,28
8475,28
8476,27
8477,28
8478,27
8479,28
8480,28
8481,28
8482,29
8483,29
8484,28
8485,29
8486,29
8487,28
8488,29
8489,28
8490,29
8491,29
8492,28
8493,28
8494,29
8495,30
8496,27
8497,28
8498,28
8499,28
8500,28
8501,29
8502,27
8503,28
8504,28
8505,26
8506,27
8507,28
8508,27
8509,28
8510,27
8511,28
8512,27
8513,28
8514,27
8515,28
8516,28
8517,28
8518,29
8519,28
8520,27
8521,28
8522,29
8523,28
8524,29
8525,28
8526,27
8527,28
8528,28
8529,28
8530,29
8531,28
8532,27
8533,28
8534,28
8535,28
8536,28
8537,29
8538,28
8539,29
8540,28
8541,27
8542,28
8543,29
8544,28
8545,29
8546,29
8547,28
8548,29
8549,30
8550,27
8551,28
8552,28
8553,28
8554,28
8555,28
8556,28
8557,29
8558,29
8559,28
8560,28
8561,29
8562,29
8563,30
8564,30
8565,28
8566,29
8567,29
8568,27
8569,28
8570,28
8571,28
8572,28
8573,29
8574,28
8575,28
8576,28
8577,28
8578,29
8579,30
8580,27
8581,28
8582,28
8583,28
8584,28
8585,28
8586,27
8587,28
8588,28
8589,28
8590,29
8591,29
8592,28
8593,28
8594,29
8595,28
8596,28
8597,29
8598,29
8599,30
8600,28
8601,29
8602,28
8603,29
8604,28
8605,29
8606,28
8607,28
8608,29
8609,30
8610,28
8611,28
8612,29
8613,28
8614,28
8615,29
8616,29
8617,29
8618,29
8619,28
8620,29
8621,29
8622,29
8623,30
8624,28
8625,28
8626,29
8627,30
8628,29
8629,30
8630,29
8631,28
8632,28
8633,29
8634,29
8635,28
8636,28
8637,29
8638,29
8639,28
8640,26
8641,27
8642,27
8643,27
8644,27
8645,27
8646,27
8647,28
8648,27
8649,27
8650,27
8651,28
8652,27
8653,28
8654,28
8655,27
8656,27
8657,28
8658,27
8659,28
8660,27
8661,28
8662,28
8663,29
8664,27
8665,28
8666,28
8667,27
8668,28
8669,29
8670,27
8671,28
8672,27
8673,28
8674,28
8675,28
8676,27
8677,28
8678,28
8679,28
8680,27
8681,28
8682,28
8683,28
8684,28
8685,27
8686,28
8687,28
8688,27
8689,28
8690,28
8691,28
8692,28
8693,29
8694,27
8695,28
8696,28
8697,28
8698,29
8699,30
8700,27
8701,28
8702,28
8703,28
8704,27
8705,28
8706,28
8707,29
8708,28
8709,29
8710,28
8711,29
8712,27
8713,28
8714,28
8715,28
8716,28
8717,29
8718,28
8719,29
8720,27
8721,27
8722,28
8723,29
8724,28
8725,28
8726,29
8727,29
8728,28
8729,29
8730,27
8731,28
8732,28
8733,28
8734,29
8735,28
8736,27
8737,28
8738,28
8739,28
8740,28
8741,29
8742,28
8743,28
8744,28
8745,28
8746,29
8747,30
8748,25
8749,26
8750,26
8751,26
8752,27
8753,28
8754,26
8755,27
8756,27
8757,26
8758,27
8759,28
8760,27
8761,28
8762,28
8763,28
8764,28
8765,28
8766,26
8767,27
8768,27
8769,27
8770,28
8771,29
8772,27
8773,28
8774,28
8775,26
8776,27
8777,28
8778,27
8779,28
8780,28
8781,28
8782,29
8783,30
8784,27
8785,28
8786,28
8787,28
8788,28
8789,29
8790,28
8791,29
8792,28
8793,28
8794,29
8795,29
8796,28
8797,29
8798,29
8799,29
8800,27
8801,28
8802,26
8803,27
8804,27
8805,27
8806,28
8807,29
8808,27
8809,28
8810,28
8811,27
8812,28
8813,29
8814,28
8815,29
8816,28
8817,29
8818,29
8819,30
8820,27
8821,28
8822,28
8823,28
8824,28
8825,28
8826,28
8827,28
8828,29
8829,26
8830,27
8831,28
8832,27
8833,28
8834,28
8835,28
8836,28
8837,29
8838,27
8839,28
8840,28
8841,28
8842,29
8843,29
8844,28
8845,28
8846,29
8847,28
8848,28
8849,29
8850,28
8851,29
8852,29
8853,29
8854,29
8855,28
8856,27
8857,28
8858,28
8859,28
8860,28
8861,29
8862,28
8863,29
8864,28
8865,28
8866,29
8867,30
8868,28
8869,28
8870,29
8871,29
8872,29
8873,30
8874,28
8875,29
8876,29
8877,29
8878,28
8879,29
8880,27
8881,28
8882,28
8883,28
8884,28
8885,28
8886,28
8887,29
8888,28
8889,29
8890,28
8891,29
8892,27
8893,28
8894,28
8895,28
8896,28
8897,28
8898,28
8899,29
8900,28
8901,28
8902,29
8903,29
8904,28
8905,28
8906,28
8907,29
8908,29
8909,30
8910,26
8911,27
8912,27
8913,27
8914,28
8915,28
8916,27
8917,28
8918,28
8919,27
8920,28
8921,28
8922,28
8923,29
8924,28
8925,28
8926,29
8927,29
8928,27
8929,28
8930,28
8931,28
8932,28
8933,29
8934,28
8935,29
8936,28
8937,27
8938,28
8939,29
8940,28
8941,29
8942,29
8943,28
8944,28
8945,29
8946,28
8947,29
8948,29
8949,28
8950,29
8951,30
8952,28
8953,29
8954,28
8955,28
8956,29
8957,29
8958,29
8959,28
8960,27
8961,28
8962,28
8963,29
8964,27
8965,27
8966,28
8967,28
8968,28
8969,29
8970,28
8971,29
8972,29
8973,28
8974,28
8975,29
8976,28
8977,29
8978,29
8979,28
8980,28
8981,29
8982,28
8983,29
8984,29
8985,29
8986,30
8987,29
8988,28
8989,29
8990,28
8991,26
8992,27
8993,28
8994,27
8995,28
8996,29
8997,28
8998,29
8999,30
9000,27
9001,28
9002,28
9003,28
9004,28
9005,28
9006,28
9007,29
9008,28
9009,28
9010,28
9011,29
9012,28
9013,29
9014,29
9015,28
9016,28
9017,29
9018,27
9019,28
9020,28
9021,28
9022,29
9023,29
9024,28
9025,28
9026,29
9027,28
9028,28
9029,29
9030,28
9031,29
9032,29
9033,29
9034,30
9035,29
9036,28
9037,29
9038,29
9039,29
9040,28
9041,29
9042,29
9043,30
9044,28
9045,28
9046,29
9047,29
9048,28
9049,29
9050,28
9051,29
9052,28
9053,29
9054,29
9055,29
9056,29
9057,30
9058,29
9059,30
9060,28
9061,29
9062,29
9063,28
9064,29
9065,28
9066,29
9067,30
9068,30
9069,30
9070,29
9071,29
9072,26
9073,27
9074,27
9075,27
9076,27
9077,28
9078,27
9079,27
9080,27
9081,27
9082,28
9083,29
9084,27
9085,28
9086,27
9087,28
9088,27
9089,28
9090,27
9091,28
9092,28
9093,27
9094,28
9095,29
9096,27
9097,28
9098,28
9099,27
9100,27
9101,28
9102,28
9103,29
9104,28
9105,29
9106,29
9107,28
9108,27
9109,28
9110,28
9111,28
9112,28
9113,29
9114,27
9115,28
9116,28
9117,28
9118,29
9119,29
9120,27
9121,28
9122,28
9123,28
9124,28
9125,28
9126,27
9127,28
9128,27
9129,28
9130,28
9131,29
9132,28
9133,29
9134,29
9135,27
9136,28
9137,29
9138,28
9139,28
9140,28
9141,29
9142,28
9143,29
9144,27
9145,28
9146,28
9147,28
9148,28
9149,29
9150,28
9151,29
9152,28
9153,27
9154,28
9155,29
9156,27
9157,28
9158,28
9159,28
9160,28
9161,29
9162,28
9163,28
9164,29
9165,28
9166,29
9167,30
9168,28
9169,29
9170,28
9171,29
9172,29
9173,30
9174,29
9175,29
9176,28
9177,28
9178,29
9179,30
9180,27
9181,28
9182,28
9183,28
9184,28
9185,28
9186,28
9187,29
9188,29
9189,28
9190,28
9191,29
9192,28
9193,29
9194,29
9195,28
9196,28
9197,28
9198,27
9199,28
9200,28
9201,28
9202,29
9203,30
9204,28
9205,28
9206,29
9207,28
9208,29
9209,30
9210,28
9211,29
9212,28
9213,29
9214,28
9215,28
9216,26
9217,27
9218,27
9219,27
9220,27
9221,28
9222,27
9223,28
9224,27
9225,27
9226,28
9227,29
9228,27
9229,28
9230,28
9231,28
9232,27
9233,28
9234,26
9235,27
9236,27
9237,27
9238,28
9239,29
9240,27
9241,28
9242,28
9243,27
9244,28
9245,29
9246,28
9247,28
9248,27
9249,28
9250,28
9251,29
9252,27
9253,27
9254,28
9255,28
9256,28
9257,29
9258,28
9259,29
9260,29
9261,27
9262,28
9263,29
9264,27
9265,28
9266,28
9267,28
9268,28
9269,29
9270,28
9271,28
9272,28
9273,29
9274,29
9275,29
9276,28
9277,29
9278,29
9279,29
9280,27
9281,28
9282,28
9283,29
9284,28
9285,29
9286,29
9287,29
9288,27
9289,28
9290,28
9291,27
9292,28
9293,29
9294,28
9295,28
9296,28
9297,28
9298,29
9299,29
9300,28
9301,29
9302,29
9303,29
9304,29
9305,29
9306,28
9307,29
9308,29
9309,29
9310,28
9311,29
9312,27
9313,28
9314,28
9315,27
9316,28
9317,29
9318,28
9319,29
9320,28
9321,29
9322,29
9323,30
9324,27
9325,28
9326,28
9327,28
9328,28
9329,29
9330,28
9331,28
9332,29
9333,28
9334,29
9335,30
9336,28
9337,29
9338,28
9339,29
9340,29
9341,30
9342,28
9343,29
9344,27
9345,28
9346,28
9347,29
9348,28
9349,29
9350,28
9351,29
9352,28
9353,29
9354,29
9355,29
9356,29
9357,30
9358,30
9359,29
9360,27
9361,28
9362,28
9363,28
9364,28
9365,28
9366,28
9367,29
9368,28
9369,28
9370,28
9371,29
9372,28
9373,28
9374,28
9375,28
9376,28
9377,29
9378,28
9379,29
9380,28
9381,29
9382,29
9383,30
9384,28
9385,29
9386,28
9387,28
9388,29
9389,29
9390,28
9391,29
9392,29
9393,29
9394,29
9395,29
9396,27
9397,28
9398,28
9399,28
9400,28
9401,29
9402,28
9403,29
9404,29
9405,27
9406,28
9407,29
9408,27
9409,28
9410,28
9411,28
9412,28
9413,29
9414,28
9415,28
9416,28
9417,28
9418,29
9419,30
9420,28
9421,29
9422,28
9423,28
9424,28
9425,28
9426,29
9427,30
9428,29
9429,28
9430,29
9431,30
9432,28
9433,29
9434,29
9435,28
9436,28
9437,29
9438,28
9439,29
9440,28
9441,29
9442,29
9443,29
9444,29
9445,29
9446,30
9447,30
9448,29
9449,30
9450,27
9451,28
9452,28
9453,28
9454,28
9455,28
9456,28
9457,28
9458,29
9459,28
9460,28
9461,29
9462,28
9463,29
9464,28
9465,28
9466,29
9467,30
9468,28
9469,29
9470,29
9471,28
9472,27
9473,28
9474,28
9475,28
9476,28
9477,26
9478,27
9479,28
9480,27
9481,28
9482,29
9483,28
9484,29
9485,28
9486,27
9487,28
9488,28
9489,28
9490,28
9491,29
9492,28
9493,29
9494,29
9495,28
9496,29
9497,30
9498,29
9499,29
9500,28
9501,29
9502,29
9503,29
9504,27
9505,28
9506,28
9507,28
9508,28
9509,28
9510,28
9511,29
9512,28
9513,28
9514,29
9515,28
9516,28
9517,29
9518,29
9519,29
9520,28
9521,29
9522,28
9523,29
9524,29
9525,28
9526,28
9527,29
9528,28
9529,29
9530,29
9531,28
9532,29
9533,30
9534,29
9535,30
9536,28
9537,28
9538,29
9539,30
9540,28
9541,29
9542,29
9543,29
9544,29
9545,29
9546,28
9547,29
9548,28
9549,29
9550,29
9551,30
9552,28
9553,29
9554,29
9555,28
9556,29
9557,30
9558,27
9559,28
9560,29
9561,28
9562,29
9563,29
9564,29
9565,30
9566,30
9567,28
9568,28
9569,29
9570,28
9571,29
9572,29
9573,29
9574,30
9575,30
9576,27
9577,28
9578,28
9579,28
9580,28
9581,29
9582,28
9583,28
9584,28
9585,28
9586,29
9587,30
9588,28
9589,29
9590,28
9591,29
9592,28
9593,29
9594,28
9595,28
9596,29
9597,28
9598,29
9599,29
9600,27
9601,28
9602,28
9603,28
9604,28
9605,28
9606,28
9607,29
9608,28
9609,29
9610,28
9611,29
9612,28
9613,29
9614,28
9615,28
9616,28
9617,29
9618,28
9619,29
9620,28
9621,29
9622,29
9623,30
9624,28
9625,28
9626,29
9627,29
9628,29
9629,30
9630,28
9631,29
9632,28
9633,28
9634,29
9635,29
9636,28
9637,29
9638,29
9639,27
9640,28
9641,29
9642,28
9643,29
9644,29
9645,29
9646,28
9647,29
9648,28
9649,29
9650,28
9651,29
9652,28
9653,29
9654,29
9655,29
9656,28
9657,28
9658,29
9659,30
9660,28
9661,29
9662,29
9663,29
9664,28
9665,29
9666,28
9667,29
9668,29
9669,29
9670,29
9671,29
9672,28
9673,29
9674,29
9675,28
9676,29
9677,30
9678,29
9679,30
9680,28
9681,29
9682,29
9683,30
9684,29
9685,29
9686,29
9687,30
9688,29
9689,30
9690,28
9691,29
9692,29
9693,29
9694,29
9695,29
9696,28
9697,29
9698,29
9699,29
9700,28
9701,29
9702,28
9703,29
9704,29
9705,29
9706,29
9707,29
9708,29
9709,28
9710,29
9711,29
9712,29
9713,29
9714,30
9715,29
9716,29
9717,29
9718,29
9719,30
9720,26
9721,27
9722,27
9723,27
9724,27
9725,27
9726,27
9727,28
9728,27
9729,27
9730,27
9731,28
9732,27
9733,28
9734,28
9735,27
9736,28
9737,29
9738,27
9739,28
9740,27
9741,28
9742,28
9743,29
9744,27
9745,28
9746,28
9747,27
9748,28
9749,29
9750,27
9751,28
9752,28
9753,28
9754,29
9755,28
9756,27
9757,28
9758,28
9759,28
9760,28
9761,29
9762,28
9763,29
9764,29
9765,27
9766,28
9767,29
9768,28
9769,29
9770,28
9771,29
9772,29
9773,29
9774,27
9775,28
9776,28
9777,28
9778,29
9779,29
9780,27
9781,28
9782,28
9783,28
9784,28
9785,28
9786,28
9787,29
9788,29
9789,29
9790,28
9791,29
9792,27
9793,28
9794,28
9795,28
9796,28
9797,29
9798,28
9799,29
9800,28
9801,27
9802,28
9803,29
9804,28
9805,29
9806,29
9807,29
9808,28
9809,28
9810,27
9811,28
9812,28
9813,28
9814,29
9815,28
9816,28
9817,29
9818,29
9819,28
9820,28
9821,29
9822,29
9823,29
9824,28
9825,28
9826,28
9827,29
9828,27
9829,28
9830,28
9831,28
9832,28
9833,29
9834,28
9835,28
9836,29
9837,28
9838,29
9839,30
9840,28
9841,28
9842,28
9843,28
9844,29
9845,29
9846,28
9847,29
9848,29
9849,28
9850,29
9851,30
9852,29
9853,30
9854,28
9855,27
9856,28
9857,29
9858,28
9859,29
9860,28
9861,29
9862,29
9863,29
9864,28
9865,29
9866,29
9867,28
9868,29
9869,30
9870,28
9871,29
9872,29
9873,29
9874,30
9875,29
9876,29
9877,29
9878,29
9879,29
9880,28
9881,29
9882,27
9883,28
9884,28
9885,28
9886,29
9887,30
9888,28
9889,29
9890,29
9891,28
9892,29
9893,29
9894,28
9895,29
9896,29
9897,29
9898,29
9899,29
9900,27
9901,28
9902,28
9903,28
9904,28
9905,28
9906,28
9907,29
9908,29
9909,28
9910,28
9911,29
9912,28
9913,29
9914,29
9915,28
9916,29
9917,30
9918,28
9919,28
9920,28
9921,29
9922,29
9923,30
9924,29
9925,29
9926,29
9927,29
9928,28
9929,29
9930,28
9931,29
9932,29
9933,29
9934,30
9935,29
9936,27
9937,28
9938,28
9939,28
9940,28
9941,29
9942,28
9943,28
9944,28
9945,28
9946,29
9947,29
9948,28
9949,29
9950,29
9951,29
9952,29
9953,30
9954,28
9955,28
9956,29
9957,29
9958,29
9959,29
9960,28
9961,29
9962,29
9963,27
9964,28
9965,29
9966,28
9967,29
9968,29
9969,29
9970,29
9971,30
9972,28
9973,29
9974,29
9975,28
9976,29
9977,30
9978,29
9979,30
9980,29
9981,29
9982,28
9983,29
9984,27
9985,28
9986,28
9987,28
9988,28
9989,29
9990,27
9991,28
9992,28
9993,28
9994,29
9995,28
9996,28
9997,28
9998,29
9999,28
10000,28
